unit,time,y,w
1,1,0.4595645778794202,0
1,2,0.4729845376994728,0
1,3,0.46506122443466147,0
1,4,0.4204622787128862,0
1,5,0.4706669025523551,0
1,6,0.532110708833236,0
1,7,0.5217636587518797,0
1,8,0.5329928608062255,0
1,9,0.5635335135109614,0
1,10,0.6252323362663734,0
1,11,0.6389126238402483,0
1,12,0.6563123405167746,0
1,13,0.6593589970651319,0
1,14,0.6758256535018834,0
1,15,0.705908482021818,0
1,16,0.687124458451791,0
1,17,0.673871832925169,0
1,18,0.7133498601304469,0
1,19,0.6733307118941045,0
1,20,0.718011870026567,0
1,21,0.717440459287813,0
1,22,0.6574866755160311,0
1,23,0.6172123305446604,0
1,24,0.6378894192611657,0
1,25,0.6413902971076935,0
1,26,0.5675494722253767,0
1,27,0.6128089613850731,0
1,28,0.6211697376552543,0
1,29,0.5920240955270346,0
1,30,0.5184507327875343,0
1,31,0.4950025432880949,0
1,32,0.5672523284001807,0
1,33,0.6382785827292023,0
1,34,0.6780490617636517,0
1,35,0.7148771742777633,0
1,36,0.6799664769630231,0
1,37,0.71513260344872,0
1,38,0.7710602703464371,0
1,39,0.7933673201997244,0
1,40,0.7549408950077829,0
1,41,0.7389026651994053,0
1,42,0.6915368702386626,0
1,43,0.584975552202537,0
1,44,0.6470534192666193,0
1,45,0.7107369025372003,0
1,46,0.7731972825722195,0
1,47,0.8295734522528768,0
1,48,0.893544273333994,0
2,1,0.9456381885575933,0
2,2,0.9379495337048613,0
2,3,0.9738106022329127,0
2,4,1.0128987155207305,0
2,5,1.0481317167063846,0
2,6,1.0502759203440313,0
2,7,1.0850852921612582,0
2,8,1.1117439282110055,0
2,9,1.1539442645176052,0
2,10,1.1941626221556998,0
2,11,1.2080401913697614,0
2,12,1.2246869559636036,0
2,13,1.2327047265579214,0
2,14,1.2546403537830457,0
2,15,1.2549015284676432,0
2,16,1.2660573131973294,0
2,17,1.2860300720302504,0
2,18,1.2841324011749258,0
2,19,1.3083112968499098,0
2,20,1.3240404292822436,0
2,21,1.3416878638486462,0
2,22,1.358417993425121,0
2,23,1.3279519324721853,0
2,24,1.3540685106248809,0
2,25,1.3845861130759793,0
2,26,1.4040043344346227,0
2,27,1.4107890884445666,0
2,28,1.4424592049121472,0
2,29,1.4611964344981523,0
2,30,1.4820627064360163,0
2,31,1.4686179826742727,0
2,32,1.4599704899672616,0
2,33,1.483740966543749,0
2,34,1.5074451856247624,0
2,35,1.5290780597326386,0
2,36,1.5525926439277615,0
2,37,1.5763351941340318,0
2,38,1.60506280880983,0
2,39,1.6373643467421264,1
2,40,1.6610176511542658,1
2,41,1.66818956510574,1
2,42,1.6923562060654422,1
2,43,1.7081605154596442,1
2,44,1.7316809295356368,1
2,45,1.7474573924723575,1
2,46,1.7588282374931108,1
2,47,1.7762528619641493,1
2,48,1.7913844255573803,1
3,1,0.6371852403349774,0
3,2,0.6755593309269372,0
3,3,0.6870011361449961,0
3,4,0.7177986887343675,0
3,5,0.7618837986684603,0
3,6,0.7783950710156091,0
3,7,0.8182413807503703,0
3,8,0.8389137801980109,0
3,9,0.8702680594290584,0
3,10,0.919759981455055,0
3,11,0.9745646231339009,0
3,12,1.012791754536238,0
3,13,1.0601227950804617,0
3,14,1.0974831165271155,0
3,15,1.127941665188061,0
3,16,1.1236117098929768,0
3,17,1.161003517188556,0
3,18,1.2032254538792486,0
3,19,1.2024219936102014,0
3,20,1.2474917325345203,0
3,21,1.262859828901977,0
3,22,1.2622232795577233,0
3,23,1.279264226872284,0
3,24,1.303853743142227,0
3,25,1.3038213147813718,0
3,26,1.3237823396673356,0
3,27,1.3417943173227247,0
3,28,1.3516141487354343,0
3,29,1.3767962828765494,0
3,30,1.4058893584284569,0
3,31,1.4376522435122894,0
3,32,1.460867186076257,0
3,33,1.4720384739743082,0
3,34,1.4699108296074286,0
3,35,1.4840502536779834,0
3,36,1.5017024958085141,0
3,37,1.5183538998992034,0
3,38,1.534239795597605,0
3,39,1.5630386880438785,1
3,40,1.5914363172300714,1
3,41,1.6175177057373116,1
3,42,1.6251617517268588,1
3,43,1.6351598649799577,1
3,44,1.6387748486953946,1
3,45,1.657305424021267,1
3,46,1.6722384308229294,1
3,47,1.6976891378705332,1
3,48,1.7257850160600228,1
4,1,-1.7491350864260866,0
4,2,-1.9020075281388245,0
4,3,-1.8530430585060866,0
4,4,-1.8174515327992244,0
4,5,-1.7863393977522062,0
4,6,-1.7681532542479683,0
4,7,-1.7565305431978713,0
4,8,-1.6645684675495849,0
4,9,-1.6847139629101155,0
4,10,-1.7147633929899682,0
4,11,-1.554283374682485,0
4,12,-1.5394001098932275,0
4,13,-1.6006226661216294,0
4,14,-1.5525269554770578,0
4,15,-1.5663957209546986,0
4,16,-1.5784556230816627,0
4,17,-1.5105945321407903,0
4,18,-1.4557648421199394,0
4,19,-1.4358574977537568,0
4,20,-1.4434129984393742,0
4,21,-1.480383491824635,0
4,22,-1.4145942914696965,0
4,23,-1.4399404719474331,0
4,24,-1.436278604957315,0
4,25,-1.4600226645715972,0
4,26,-1.390648855277429,0
4,27,-1.3836992266163683,0
4,28,-1.3749493319637969,0
4,29,-1.3593731555118689,0
4,30,-1.37027872193533,0
4,31,-1.3626255174322974,0
4,32,-1.3383137655234867,0
4,33,-1.3411496661382918,0
4,34,-1.418826538900273,0
4,35,-1.4597402034759668,0
4,36,-1.5339776150815743,0
4,37,-1.6209379998084383,0
4,38,-1.6275902116239829,0
4,39,-1.6007548034290862,0
4,40,-1.621741589184782,0
4,41,-1.6455538119651258,0
4,42,-1.648215995687722,0
4,43,-1.6346694205651415,0
4,44,-1.6708846646503046,0
4,45,-1.663648612311552,0
4,46,-1.683810422124873,0
4,47,-1.6675110398472883,0
4,48,-1.6677258701246647,0
5,1,0.6279977305621447,0
5,2,0.6652834118559969,0
5,3,0.7039947232458363,0
5,4,0.7339690176771096,0
5,5,0.7835464517302455,0
5,6,0.8051405794084179,0
5,7,0.8245006557332246,0
5,8,0.8520020496446818,0
5,9,0.8872121865586315,0
5,10,0.9358570373182271,0
5,11,0.9880515990790109,0
5,12,1.016382003057199,0
5,13,1.0569804720028468,0
5,14,1.104637210739197,0
5,15,1.1370347825049567,0
5,16,1.1236545302768484,0
5,17,1.1679997711806038,0
5,18,1.1713763848814356,0
5,19,1.1932682849393004,0
5,20,1.2112677020163307,0
5,21,1.246950057940051,0
5,22,1.243603158613146,0
5,23,1.2478157490671826,0
5,24,1.2497536261298006,0
5,25,1.2695650535932916,0
5,26,1.2825045841280982,0
5,27,1.296712194069471,0
5,28,1.3147655133728566,0
5,29,1.352243657421056,0
5,30,1.3791973136268947,0
5,31,1.4030089514054485,0
5,32,1.415551570825059,0
5,33,1.4251150915363482,0
5,34,1.4135831638048,0
5,35,1.4372536932327353,0
5,36,1.4545984460640735,0
5,37,1.4661058225429677,0
5,38,1.4955307991158762,0
5,39,1.5109029861592624,1
5,40,1.538942592512802,1
5,41,1.5668176643228762,1
5,42,1.5706035915709844,1
5,43,1.5817396791866472,1
5,44,1.583849750435208,1
5,45,1.6090136882588641,1
5,46,1.6211291829954977,1
5,47,1.6362024277521616,1
5,48,1.6585913299779307,1
6,1,-1.360871052520083,0
6,2,-1.3689807574223885,0
6,3,-1.4204281449156246,0
6,4,-1.394424035821947,0
6,5,-1.3797960311667987,0
6,6,-1.3569577094906142,0
6,7,-1.3482030633145365,0
6,8,-1.3131307684148243,0
6,9,-1.2915220139547507,0
6,10,-1.266666149971904,0
6,11,-1.2728725003899317,0
6,12,-1.2738828627366061,0
6,13,-1.2136932667947793,0
6,14,-1.1973289436896852,0
6,15,-1.1616446302843695,0
6,16,-1.241699569382658,0
6,17,-1.2507591034761516,0
6,18,-1.2364465685241388,0
6,19,-1.2628540188847195,0
6,20,-1.2202481344713343,0
6,21,-1.167062448544593,0
6,22,-1.143976508857822,0
6,23,-1.081082532758976,0
6,24,-1.1422744649818304,0
6,25,-1.1019927489992138,0
6,26,-1.0651330345082055,0
6,27,-1.0716801693058509,0
6,28,-1.109073447898787,0
6,29,-1.1090678168617965,0
6,30,-1.1411852638443971,0
6,31,-1.0960048980430193,0
6,32,-1.0895846317013804,0
6,33,-1.0943395011728336,0
6,34,-1.076038877680901,0
6,35,-1.0880553258215837,0
6,36,-1.0344778163878896,0
6,37,-1.0252429860943248,0
6,38,-1.0037699334516317,0
6,39,-0.9959660091022275,0
6,40,-0.9769869640303961,0
6,41,-0.9541593415825949,0
6,42,-0.935853928843903,0
6,43,-0.9232508708078484,0
6,44,-0.9203353558885787,0
6,45,-0.9091344032898627,0
6,46,-0.9197008062903693,0
6,47,-0.9115220226204528,0
6,48,-0.8865761139687915,0
7,1,-1.7371160836239081,0
7,2,-1.8595434879706634,0
7,3,-1.8252649703157084,0
7,4,-1.8469297595068053,0
7,5,-1.8384488051895715,0
7,6,-1.8581426587541898,0
7,7,-1.868334558011603,0
7,8,-1.8072569618165364,0
7,9,-1.7802526624495183,0
7,10,-1.7764217594935667,0
7,11,-1.7729612398197885,0
7,12,-1.7913632286417132,0
7,13,-1.63562340226916,0
7,14,-1.695576222505303,0
7,15,-1.6657689076084852,0
7,16,-1.6617575926708792,0
7,17,-1.6863598479017394,0
7,18,-1.645404157495105,0
7,19,-1.5695004228552802,0
7,20,-1.5821071602542673,0
7,21,-1.6133221010415744,0
7,22,-1.576726425988519,0
7,23,-1.585433887626194,0
7,24,-1.6480643815064377,0
7,25,-1.6877467547933893,0
7,26,-1.6405826526350342,0
7,27,-1.5979422462833144,0
7,28,-1.6219112668780404,0
7,29,-1.59649998324634,0
7,30,-1.6007818210022888,0
7,31,-1.628340311961872,0
7,32,-1.57769982801116,0
7,33,-1.598477393905494,0
7,34,-1.5925823667281662,0
7,35,-1.6045922321564552,0
7,36,-1.5808725438545812,0
7,37,-1.5161092687274076,0
7,38,-1.4879460846363068,0
7,39,-1.4521267237731301,0
7,40,-1.4248846597523253,0
7,41,-1.4330683579219503,0
7,42,-1.4031910890333918,0
7,43,-1.3915194096484331,0
7,44,-1.352627827504242,0
7,45,-1.3403777985902439,0
7,46,-1.295306311271153,0
7,47,-1.271506142790332,0
7,48,-1.2608052557894949,0
8,1,-1.1188255467318617,0
8,2,-1.1632786437704201,0
8,3,-1.11962561256201,0
8,4,-1.096597094902119,0
8,5,-1.1172916756944886,0
8,6,-1.1470056007580736,0
8,7,-1.1453919402576496,0
8,8,-1.2121026369761863,0
8,9,-1.187689568730936,0
8,10,-1.1769259219165544,0
8,11,-1.1341159180995843,0
8,12,-1.1992644395833079,0
8,13,-1.3408687431366184,0
8,14,-1.3268231616621344,0
8,15,-1.264143348304117,0
8,16,-1.316293475941893,0
8,17,-1.289660548018019,0
8,18,-1.289384441242973,0
8,19,-1.2551644472389958,0
8,20,-1.2394013765278649,0
8,21,-1.2559595447644218,0
8,22,-1.250790642911329,0
8,23,-1.263190715110306,0
8,24,-1.2454622470976329,0
8,25,-1.223470162039395,0
8,26,-1.2210750172081317,0
8,27,-1.2079551369208161,0
8,28,-1.1960249566643784,0
8,29,-1.1942611283521414,0
8,30,-1.194909296775851,0
8,31,-1.1616327192477494,0
8,32,-1.1533682528157785,0
8,33,-1.137590974648515,0
8,34,-1.118427095795302,0
8,35,-1.1029238734914575,0
8,36,-1.0805240101156945,0
8,37,-1.060444401933002,0
8,38,-1.033994777136658,0
8,39,-1.008515513843502,0
8,40,-0.9854809975722576,0
8,41,-0.9533148216030503,0
8,42,-0.9260275195466683,0
8,43,-0.9051382782408588,0
8,44,-0.8767560666422538,0
8,45,-0.8392604671463149,0
8,46,-0.8030772597596902,0
8,47,-0.7602848214598774,0
8,48,-0.7130080168870085,0
9,1,-0.35249980844015383,0
9,2,-0.3561980542892744,0
9,3,-0.3239138026223536,0
9,4,-0.2884952484997001,0
9,5,-0.26861393518063625,0
9,6,-0.25041071717852414,0
9,7,-0.21318965779043708,0
9,8,-0.16743780546538556,0
9,9,-0.31070143719580834,0
9,10,-0.3060153733700215,0
9,11,-0.3378417675662959,0
9,12,-0.3137641682350836,0
9,13,-0.26682909812570355,0
9,14,-0.23762273284442248,0
9,15,-0.23121781579472334,0
9,16,-0.18996234928997424,0
9,17,-0.170343469316661,0
9,18,-0.14798960815430373,0
9,19,-0.1494421961985104,0
9,20,-0.16682806273510753,0
9,21,-0.1968294675918667,0
9,22,-0.20727185780400958,0
9,23,-0.2628765358318379,0
9,24,-0.3191843386419162,0
9,25,-0.3418367890871954,0
9,26,-0.3672918984590181,0
9,27,-0.4055208232252907,0
9,28,-0.4005772083647825,0
9,29,-0.39253182252836094,0
9,30,-0.37766622996677857,0
9,31,-0.3560198176622933,0
9,32,-0.3293667348198799,0
9,33,-0.3321965400948903,0
9,34,-0.31361432014545176,0
9,35,-0.29176782144326996,0
9,36,-0.26989567407020676,0
9,37,-0.25052343484527295,0
9,38,-0.22636026017405975,0
9,39,-0.20148243872378746,0
9,40,-0.21416295258981943,0
9,41,-0.20928513280957795,0
9,42,-0.21091772709206325,0
9,43,-0.20565421021542196,0
9,44,-0.19826865067360622,0
9,45,-0.17872692590843453,0
9,46,-0.15695405967043286,0
9,47,-0.13192476363353034,0
9,48,-0.10854241297412415,0
10,1,-0.25100649008925924,0
10,2,-0.16480226968266098,0
10,3,-0.1471122622505865,0
10,4,-0.11933276422988026,0
10,5,-0.10987781690901244,0
10,6,-0.07806539430570414,0
10,7,-0.06993691219664466,0
10,8,-0.04714791768545368,0
10,9,0.0185462885417218,0
10,10,0.04759163024364721,0
10,11,0.11201626626811567,0
10,12,0.18157289883836292,0
10,13,0.2560633777400101,0
10,14,0.3459768630224094,0
10,15,0.39183544215297506,0
10,16,0.41416565276309747,0
10,17,0.47635392220303086,0
10,18,0.4968514068126657,0
10,19,0.5177353635729816,0
10,20,0.5529401953548208,0
10,21,0.6075188565403042,0
10,22,0.5511781264400577,0
10,23,0.5385564914365357,0
10,24,0.49423073664756245,0
10,25,0.5198278179124545,0
10,26,0.5654560807589828,0
10,27,0.6089717470082645,0
10,28,0.6214957334940507,0
10,29,0.6048704032701933,0
10,30,0.6154895098529742,0
10,31,0.5628603618241161,0
10,32,0.5568156773079451,0
10,33,0.5346578132646016,0
10,34,0.5605722875942005,0
10,35,0.5948199458516115,0
10,36,0.6161188341240198,0
10,37,0.6205713480906088,0
10,38,0.6352041411731646,0
10,39,0.6223976931196358,0
10,40,0.6118123863824056,0
10,41,0.6350999785991416,0
10,42,0.6343345972435017,0
10,43,0.6451393010068385,0
10,44,0.6439122876798731,0
10,45,0.6797145010609809,0
10,46,0.6963966165509872,0
10,47,0.7197495003741263,0
10,48,0.7604795493396388,0
11,1,-0.1509082683964449,0
11,2,-0.08256385409913403,0
11,3,-0.038931960215228045,0
11,4,-0.08560336603110752,0
11,5,-0.06268608731714931,0
11,6,0.013537786933359719,0
11,7,0.03348068392408177,0
11,8,0.14392024423882344,0
11,9,0.20496680022981284,0
11,10,0.28353728785519916,0
11,11,0.3679188595451084,0
11,12,0.39608817223031423,0
11,13,0.4018335785577536,0
11,14,0.4077166025160439,0
11,15,0.36217488284647814,0
11,16,0.34087106768717845,0
11,17,0.37234501240238593,0
11,18,0.39760027152668176,0
11,19,0.4336998974354742,0
11,20,0.4939304979398651,0
11,21,0.5268151814450537,0
11,22,0.50769233609258,0
11,23,0.46281908733062593,0
11,24,0.46477781386020567,0
11,25,0.4923527433704269,0
11,26,0.49916210516995996,0
11,27,0.5384143997370057,0
11,28,0.5571794587727341,0
11,29,0.5831811214323395,0
11,30,0.6099586309230896,0
11,31,0.5787071225463878,0
11,32,0.5422689348567085,0
11,33,0.4781800201250048,0
11,34,0.4853291940321549,0
11,35,0.5138005415576599,0
11,36,0.5274819099467516,0
11,37,0.5574157615027326,0
11,38,0.5929515518312165,0
11,39,0.6204047806646331,0
11,40,0.6207174520393037,0
11,41,0.6369880940462078,0
11,42,0.6139013688289294,0
11,43,0.6181513499143465,0
11,44,0.634073717594748,0
11,45,0.6432163336945971,0
11,46,0.6734428435418662,0
11,47,0.717000558340879,0
11,48,0.7286383265337468,0
12,1,-1.6888423403482902,0
12,2,-1.6396494639937078,0
12,3,-1.5909761724046696,0
12,4,-1.5705137563380775,0
12,5,-1.5375488919986227,0
12,6,-1.5905592786141591,0
12,7,-1.544353994925718,0
12,8,-1.4067511562389896,0
12,9,-1.3069961378233081,0
12,10,-1.3236601199918976,0
12,11,-1.2413728498185534,0
12,12,-1.0752571380917058,0
12,13,-0.9059697986766357,0
12,14,-0.7718476695463723,0
12,15,-0.7305017055905259,0
12,16,-0.6930801457584774,0
12,17,-0.6398629307439014,0
12,18,-0.5878007781813439,0
12,19,-0.5278682426156447,0
12,20,-0.44792236878227865,0
12,21,-0.3824970514850765,0
12,22,-0.319704608369606,0
12,23,-0.2813360039082937,0
12,24,-0.2155779431272533,0
12,25,-0.1361420836799132,0
12,26,-0.08898637843486235,0
12,27,-0.05561424753299793,0
12,28,-0.014378881994723258,0
12,29,0.05817437339873699,0
12,30,0.2761206304989745,0
12,31,0.31038997322343054,0
12,32,0.3473300470689429,0
12,33,0.3493046276563927,0
12,34,0.343099317078825,0
12,35,0.3520302686011316,0
12,36,0.3894707134745081,0
12,37,0.41865011556489407,0
12,38,0.46626076514853576,0
12,39,0.4560191806520031,1
12,40,0.5186658285807173,1
12,41,0.5212511926910386,1
12,42,0.5104909063221941,1
12,43,0.5482218540545984,1
12,44,0.5748658974916623,1
12,45,0.5857740997178409,1
12,46,0.6111960564302699,1
12,47,0.6660999005471808,1
12,48,0.7197293159430087,1
13,1,-1.1129977935548014,0
13,2,-1.0891261819561384,0
13,3,-1.1482733383644996,0
13,4,-1.1634735668371174,0
13,5,-1.1655955471653314,0
13,6,-1.1778712825730553,0
13,7,-1.201273728865611,0
13,8,-1.2005728167428655,0
13,9,-1.1941431610503157,0
13,10,-1.1433544594562797,0
13,11,-1.1485323435698662,0
13,12,-1.1908942033619692,0
13,13,-1.2236712695357888,0
13,14,-1.2023949051865674,0
13,15,-1.244582972182907,0
13,16,-1.2470494066687063,0
13,17,-1.229042053365692,0
13,18,-1.1832687389295211,0
13,19,-1.1935716162276355,0
13,20,-1.2362806021289385,0
13,21,-1.2978478640043516,0
13,22,-1.3093052701066217,0
13,23,-1.3197861809343818,0
13,24,-1.3983013907906665,0
13,25,-1.3637211434137848,0
13,26,-1.3582419691578895,0
13,27,-1.3484548140932944,0
13,28,-1.4090846488296984,0
13,29,-1.4089567511746317,0
13,30,-1.406264877557815,0
13,31,-1.4388513666709333,0
13,32,-1.45015406702771,0
13,33,-1.4838408717053229,0
13,34,-1.5097202420214613,0
13,35,-1.4897821385201357,0
13,36,-1.469101990273649,0
13,37,-1.5558690984436874,0
13,38,-1.5255560459535218,0
13,39,-1.5070066743471555,0
13,40,-1.4767264167341008,0
13,41,-1.4784833592713884,0
13,42,-1.4903416690566598,0
13,43,-1.5119214080343282,0
13,44,-1.5893739785587542,0
13,45,-1.5817502047935665,0
13,46,-1.5769238477538012,0
13,47,-1.5527253043927463,0
13,48,-1.534139363128114,0
14,1,0.8955530655290449,0
14,2,0.9022547111736419,0
14,3,0.9426157628349081,0
14,4,0.9692405845200529,0
14,5,1.0066646473104388,0
14,6,1.0445894541916712,0
14,7,1.0846075363396146,0
14,8,1.0918437416275708,0
14,9,1.1219470455172598,0
14,10,1.1533692612197193,0
14,11,1.1637360537804842,0
14,12,1.1840454401821994,0
14,13,1.2152417481133426,0
14,14,1.2588834441768295,0
14,15,1.2769783564417185,0
14,16,1.280549012482357,0
14,17,1.312407704084725,0
14,18,1.330879509701635,0
14,19,1.353940157605999,0
14,20,1.3761991380436402,0
14,21,1.3852749588836737,0
14,22,1.4056238228118794,0
14,23,1.3697460418689698,0
14,24,1.3827981193338132,0
14,25,1.422205944868253,0
14,26,1.4512847358917789,0
14,27,1.4584961314981832,0
14,28,1.4807809381010308,0
14,29,1.505400310605662,0
14,30,1.5130126603712384,0
14,31,1.5030835986608242,0
14,32,1.474332478793869,0
14,33,1.4715928936404605,0
14,34,1.4840265391960799,0
14,35,1.5118780817385993,0
14,36,1.525371167531473,0
14,37,1.530490002586328,0
14,38,1.5578516494014156,0
14,39,1.5822328981157057,1
14,40,1.6169958571834737,1
14,41,1.6518156141115714,1
14,42,1.6587228899204192,1
14,43,1.675709784244658,1
14,44,1.6825454928013404,1
14,45,1.699633744264311,1
14,46,1.7173078534077035,1
14,47,1.7298523253305103,1
14,48,1.737448068003312,1
15,1,1.4331652454513986,0
15,2,1.4756174457047138,0
15,3,1.4918234548142042,0
15,4,1.5138760554556452,0
15,5,1.542901827241149,0
15,6,1.5613245739221995,0
15,7,1.574327900035323,0
15,8,1.590335545023672,0
15,9,1.6105109615230262,0
15,10,1.6457722876108356,0
15,11,1.6904427918250882,0
15,12,1.7169972988223048,0
15,13,1.7370056605978803,0
15,14,1.756785076205123,0
15,15,1.7650173870350994,0
15,16,1.6992778322136832,0
15,17,1.6874906514160735,0
15,18,1.7096207450124563,0
15,19,1.7156765231975477,0
15,20,1.7384191322852214,0
15,21,1.7767296892276132,0
15,22,1.7884796262957554,0
15,23,1.77395302201238,0
15,24,1.7746109300657,0
15,25,1.7943733436599967,0
15,26,1.819604279595147,0
15,27,1.8301968911953104,0
15,28,1.8385625395637284,0
15,29,1.860548991218458,0
15,30,1.8902888413779362,0
15,31,1.9136359222345547,0
15,32,1.8975672288453698,0
15,33,1.8879592819964035,0
15,34,1.8775232963764044,0
15,35,1.879680823163703,0
15,36,1.876819564769736,0
15,37,1.876252933721501,0
15,38,1.8921047326951435,0
15,39,1.9141621318563136,0
15,40,1.925565654932937,0
15,41,1.9547165975823795,0
15,42,1.9615490654781578,0
15,43,1.9581079680456988,0
15,44,1.9528777802094055,0
15,45,1.9695830266726961,0
15,46,1.9882346029936677,0
15,47,2.013149589027213,0
15,48,2.0382632689854354,0
16,1,0.053505168734603537,0
16,2,0.07249158814413814,0
16,3,0.09019435926144759,0
16,4,0.12254014691074211,0
16,5,0.12292365023232765,0
16,6,0.11247893762198746,0
16,7,0.1840227031897328,0
16,8,0.19395286600171513,0
16,9,0.20676505777216736,0
16,10,0.22207954544240582,0
16,11,0.22475820430206994,0
16,12,0.28121257327653204,0
16,13,0.25572412633175734,0
16,14,0.19283816738275927,0
16,15,0.18687592137064613,0
16,16,0.05665962272791347,0
16,17,0.07247418564755748,0
16,18,0.13873621331950758,0
16,19,0.19252335802513532,0
16,20,0.24686991980176476,0
16,21,0.2985370818449926,0
16,22,0.33649542016039735,0
16,23,0.20049206604821812,0
16,24,0.16345851120387334,0
16,25,0.1983224579523597,0
16,26,0.20112395830795382,0
16,27,0.23308096667755684,0
16,28,0.2727271817889232,0
16,29,0.31793922688547394,0
16,30,0.38840355844838026,0
16,31,0.40512185275971646,0
16,32,0.45616820884764664,0
16,33,0.5404861612276353,0
16,34,0.5844531890679043,0
16,35,0.61866095282583,0
16,36,0.6915963176760798,0
16,37,0.740090186632008,0
16,38,0.7826244378164837,0
16,39,0.7984306975682625,1
16,40,0.7813509494086102,1
16,41,0.8080370613777621,1
16,42,0.8260263116718196,1
16,43,0.8345422632756456,1
16,44,0.8563145611476681,1
16,45,0.9042203799632844,1
16,46,0.9456391845994752,1
16,47,0.9882981079966875,1
16,48,1.0198270562674807,1
17,1,-1.5906358251812023,0
17,2,-1.751910641169058,0
17,3,-1.7081058185343005,0
17,4,-1.6200480607962282,0
17,5,-1.5357887690818295,0
17,6,-1.4694517160366187,0
17,7,-1.463410105892092,0
17,8,-1.4801784833279799,0
17,9,-1.5230013187584097,0
17,10,-1.4641675052920178,0
17,11,-1.37865213402059,0
17,12,-1.3474374798336086,0
17,13,-1.3550866138616087,0
17,14,-1.3084542714400662,0
17,15,-1.3050268255078494,0
17,16,-1.2652837273918465,0
17,17,-1.307644998451222,0
17,18,-1.2748323935724644,0
17,19,-1.1937602753856327,0
17,20,-1.141105888708874,0
17,21,-1.1108359567727488,0
17,22,-1.098144104388627,0
17,23,-1.035815346963087,0
17,24,-0.9905688365932246,0
17,25,-0.9140466593776937,0
17,26,-0.858240585694003,0
17,27,-0.8198045855940075,0
17,28,-0.7680486855103918,0
17,29,-0.7388974360415492,0
17,30,-0.7476240073144984,0
17,31,-0.7602456163065954,0
17,32,-0.732804829014138,0
17,33,-0.6766464952516111,0
17,34,-0.5975455135103322,0
17,35,-0.5346582051156581,0
17,36,-0.4646877177856208,0
17,37,-0.4074929237630194,0
17,38,-0.3762019138402257,0
17,39,-0.36302142372389046,0
17,40,-0.32017024107798164,0
17,41,-0.26500509273797235,0
17,42,-0.20651819114477998,0
17,43,-0.13607773169021975,0
17,44,-0.07662605572265768,0
17,45,-0.0018873056375836583,0
17,46,0.08479474481927518,0
17,47,0.17660847492411236,0
17,48,0.2611692631212783,0
18,1,-0.6512690094375921,0
18,2,-0.5745284517723928,0
18,3,-0.6060614679059659,0
18,4,-0.5306407616564845,0
18,5,-0.41948531898470076,0
18,6,-0.4781987173650215,0
18,7,-0.4258430457883877,0
18,8,-0.43399713022431907,0
18,9,-0.3593415559031756,0
18,10,-0.3410446354355141,0
18,11,-0.3068930254255733,0
18,12,-0.2679888778473334,0
18,13,-0.2718045770288269,0
18,14,-0.26286159740972703,0
18,15,-0.26703630771603404,0
18,16,-0.23980292280287152,0
18,17,-0.18349711621318665,0
18,18,-0.1835515961405969,0
18,19,-0.1422999487985912,0
18,20,-0.16427843621206062,0
18,21,-0.2994158609783266,0
18,22,-0.3072441551248293,0
18,23,-0.3417681284735803,0
18,24,-0.41071648797810134,0
18,25,-0.46822266915376964,0
18,26,-0.4644609801690791,0
18,27,-0.46960285515550027,0
18,28,-0.5036430041612876,0
18,29,-0.5247526815802788,0
18,30,-0.4601408839708503,0
18,31,-0.5005400794254111,0
18,32,-0.5299107798952729,0
18,33,-0.5646895329277637,0
18,34,-0.5969876068749,0
18,35,-0.6071498181494297,0
18,36,-0.5766368550892871,0
18,37,-0.547560537349943,0
18,38,-0.5259468228214947,0
18,39,-0.5073898111291681,0
18,40,-0.5129405893548569,0
18,41,-0.5502971831219217,0
18,42,-0.5669470954097751,0
18,43,-0.5971096732123611,0
18,44,-0.6236928147634284,0
18,45,-0.6284178860485783,0
18,46,-0.6297415696221691,0
18,47,-0.6335894637960413,0
18,48,-0.6360861412204173,0
19,1,-0.7275000357736001,0
19,2,-0.7288860282434131,0
19,3,-0.7182315957935819,0
19,4,-0.705749928042775,0
19,5,-0.689719972663223,0
19,6,-0.6666552763097178,0
19,7,-0.6414097287630165,0
19,8,-0.756340098254209,0
19,9,-0.7149612137296399,0
19,10,-0.7031886929319517,0
19,11,-0.677140938615473,0
19,12,-0.6750324406068815,0
19,13,-0.6724258464438071,0
19,14,-0.6552646973429122,0
19,15,-0.6491733740767547,0
19,16,-0.6408760914437011,0
19,17,-0.712143526463886,0
19,18,-0.6276376846650953,0
19,19,-0.484403262850182,0
19,20,-0.45978940074183505,0
19,21,-0.3899070041630406,0
19,22,-0.3560888908210531,0
19,23,-0.3212890678241829,0
19,24,-0.2792431251880414,0
19,25,-0.2401393814105095,0
19,26,-0.24675993120877937,0
19,27,-0.31854552890272725,0
19,28,-0.3933967105528202,0
19,29,-0.4518478964738346,0
19,30,-0.5043968359749194,0
19,31,-0.5830384974961316,0
19,32,-0.6398705285941935,0
19,33,-0.6899644336399033,0
19,34,-0.7404488506843121,0
19,35,-0.7455937201415983,0
19,36,-0.7391357243825931,0
19,37,-0.7248836939960821,0
19,38,-0.7031751299499387,0
19,39,-0.6871029662753747,0
19,40,-0.6727913159889969,0
19,41,-0.6647294770350394,0
19,42,-0.6503599135011564,0
19,43,-0.6373053709327703,0
19,44,-0.6218469478268265,0
19,45,-0.5889741452292307,0
19,46,-0.5947526192368624,0
19,47,-0.5889536874303811,0
19,48,-0.5716473914206626,0
20,1,-0.7631515457421036,0
20,2,-0.8747710798014658,0
20,3,-0.7880817191709264,0
20,4,-0.7919451919782983,0
20,5,-0.8072154896815693,0
20,6,-0.8440931773757914,0
20,7,-0.8154508723035034,0
20,8,-0.8507710259127634,0
20,9,-0.824271548532125,0
20,10,-0.7847009378992142,0
20,11,-0.8104317937271386,0
20,12,-0.7842560446653577,0
20,13,-0.8055196913481684,0
20,14,-0.761996357296975,0
20,15,-0.7586999748140686,0
20,16,-0.8249493612144132,0
20,17,-0.8947525464155586,0
20,18,-0.912641161189935,0
20,19,-0.9831653435118444,0
20,20,-1.0031013082287892,0
20,21,-1.0073430680091748,0
20,22,-1.0092923526456836,0
20,23,-1.0340263364653905,0
20,24,-1.0428625207296225,0
20,25,-1.018408992327375,0
20,26,-1.0362434001052394,0
20,27,-1.0197270770732105,0
20,28,-1.0203410203798695,0
20,29,-1.0404783698835631,0
20,30,-1.0773371895640143,0
20,31,-1.1630500239290447,0
20,32,-1.2682671819238491,0
20,33,-1.3946950828712543,0
20,34,-1.5495358523686455,0
20,35,-1.613751124501456,0
20,36,-1.6350936191489112,0
20,37,-1.6672344063976832,0
20,38,-1.7365808057611511,0
20,39,-1.7695890028938086,0
20,40,-1.826025196697536,0
20,41,-1.9077269709905416,0
20,42,-1.948888590430209,0
20,43,-1.9491474462192366,0
20,44,-1.9292896233761274,0
20,45,-1.9008658751152785,0
20,46,-1.8775389754663312,0
20,47,-1.8609825694592006,0
20,48,-1.8373014018592277,0
21,1,-0.7196907890568252,0
21,2,-0.599985125673868,0
21,3,-0.6350392399612481,0
21,4,-0.6973696530624025,0
21,5,-0.6913062433741555,0
21,6,-0.6747738790076276,0
21,7,-0.6464530605900132,0
21,8,-0.5699624056137722,0
21,9,-0.5145243222795495,0
21,10,-0.44876554599097407,0
21,11,-0.37277010396074495,0
21,12,-0.32535819012911826,0
21,13,-0.3170851868006306,0
21,14,-0.20820230918117044,0
21,15,-0.2410269466208117,0
21,16,-0.27380580560536494,0
21,17,-0.25968099778861564,0
21,18,-0.34879389023225027,0
21,19,-0.32395715609313314,0
21,20,-0.25846732231011327,0
21,21,-0.18240863638201166,0
21,22,-0.04494553878144014,0
21,23,0.10863512239661599,0
21,24,0.12995993116125337,0
21,25,0.1643228734474853,0
21,26,0.13059292662771238,0
21,27,0.04695804868025899,0
21,28,0.02534080658707527,0
21,29,0.01710520880669808,0
21,30,0.008949447009192646,0
21,31,-0.0055469092828852595,0
21,32,-0.00852870305970388,0
21,33,-0.009759673543608294,0
21,34,-0.04111295896212219,0
21,35,-0.11194978764278751,0
21,36,-0.10244669720424682,0
21,37,-0.07396609805463417,0
21,38,-0.1187812273626685,0
21,39,-0.11310036649241884,0
21,40,-0.15927564703347574,0
21,41,-0.12143114264955202,0
21,42,-0.11313281347205795,0
21,43,-0.09828014054539036,0
21,44,-0.11475675724178025,0
21,45,-0.10959941869383183,0
21,46,-0.07346214608383494,0
21,47,0.002216830172132589,0
21,48,-0.08431979299964798,0
22,1,-0.23766029556132207,0
22,2,-0.21703656831802753,0
22,3,-0.20396533247493576,0
22,4,-0.20525577083346125,0
22,5,-0.16688632310390084,0
22,6,-0.18376898043795187,0
22,7,-0.16283801676811205,0
22,8,-0.15444014784276305,0
22,9,-0.12444071673021462,0
22,10,-0.09313941356902333,0
22,11,-0.05835482458783048,0
22,12,-0.030341104139959718,0
22,13,0.012233589704548464,0
22,14,0.04807240914663424,0
22,15,0.07637513210901492,0
22,16,0.07683328050325677,0
22,17,0.09670456148822026,0
22,18,0.11190163017089905,0
22,19,0.16121903731191534,0
22,20,0.186156056529037,0
22,21,0.2007302111595557,0
22,22,0.20053613188529695,0
22,23,0.18936994055088618,0
22,24,0.18358551844658155,0
22,25,0.19274727779890366,0
22,26,0.20036045763715915,0
22,27,0.23037153738972815,0
22,28,0.2572063437029364,0
22,29,0.273970836268167,0
22,30,0.28584051760500273,0
22,31,0.3051116198593231,0
22,32,0.30609534642646086,0
22,33,0.3241609344526797,0
22,34,0.35600962148390813,0
22,35,0.38380560747031023,0
22,36,0.4125117463740464,0
22,37,0.4161078113872847,0
22,38,0.43142589981380564,0
22,39,0.4234736717564713,0
22,40,0.37479802041520127,0
22,41,0.38681000171087376,0
22,42,0.38871963269593035,0
22,43,0.3976484589777094,0
22,44,0.4183705811797376,0
22,45,0.4507993330102895,0
22,46,0.47855691853540705,0
22,47,0.5225500804234642,0
22,48,0.5684921653118442,0
23,1,-0.9403784532245343,0
23,2,-0.9002169915160207,0
23,3,-0.8110130291557445,0
23,4,-0.7291527464187784,0
23,5,-0.6616982020681688,0
23,6,-0.68359153953626,0
23,7,-0.6161005722419555,0
23,8,-0.5509474096902078,0
23,9,-0.5707132556021106,0
23,10,-0.6109546774370909,0
23,11,-0.6103095718962575,0
23,12,-0.5916284066829398,0
23,13,-0.589538006846551,0
23,14,-0.5473231116979989,0
23,15,-0.5422022301789102,0
23,16,-0.5123985906109523,0
23,17,-0.5378570659089421,0
23,18,-0.5359558066411285,0
23,19,-0.5428768211471615,0
23,20,-0.49710680401351937,0
23,21,-0.4659781710078317,0
23,22,-0.46037042368694614,0
23,23,-0.43264422151712534,0
23,24,-0.41622459632785347,0
23,25,-0.40545128936036523,0
23,26,-0.4125052133629463,0
23,27,-0.42018152134823517,0
23,28,-0.43122408426404046,0
23,29,-0.4338051777222498,0
23,30,-0.4726883393367336,0
23,31,-0.4903909830479529,0
23,32,-0.5002866670959607,0
23,33,-0.45593292605618263,0
23,34,-0.45538284809773,0
23,35,-0.5251163645790875,0
23,36,-0.5188089221912744,0
23,37,-0.5533178369932088,0
23,38,-0.541159089866512,0
23,39,-0.5537783689058315,0
23,40,-0.5594832347167715,0
23,41,-0.5607983840698649,0
23,42,-0.5624020807692833,0
23,43,-0.5635951423235266,0
23,44,-0.5661611148787644,0
23,45,-0.570314464268681,0
23,46,-0.5671189929152041,0
23,47,-0.5648585788470459,0
23,48,-0.7329618366050834,0
24,1,-1.1063486485769323,0
24,2,-1.0619610411730793,0
24,3,-1.1849342652614725,0
24,4,-1.2992370048696031,0
24,5,-1.2555372651786447,0
24,6,-1.2537176416663378,0
24,7,-1.1175803554910022,0
24,8,-1.024590449161642,0
24,9,-0.9722853472441981,0
24,10,-0.9321486162382673,0
24,11,-0.8665123417783889,0
24,12,-0.8311368612559518,0
24,13,-0.813896408920475,0
24,14,-0.7984856640509159,0
24,15,-0.7766081646166292,0
24,16,-0.9331143015234789,0
24,17,-0.9195547242154145,0
24,18,-0.9690673184749086,0
24,19,-0.9003462384659393,0
24,20,-0.8848584671327373,0
24,21,-0.8542007721838107,0
24,22,-0.8002491745429019,0
24,23,-0.7930354914709614,0
24,24,-0.7334525712318554,0
24,25,-0.7187475568949306,0
24,26,-0.6642000452347316,0
24,27,-0.6539075740073743,0
24,28,-0.6306637541895341,0
24,29,-0.5938842776160396,0
24,30,-0.5611502063700922,0
24,31,-0.5720487740160429,0
24,32,-0.5798928068262921,0
24,33,-0.576393293848537,0
24,34,-0.5398802319510345,0
24,35,-0.5062798038979537,0
24,36,-0.4672847157768505,0
24,37,-0.4332913441260642,0
24,38,-0.390896387804208,0
24,39,-0.3414931405652455,0
24,40,-0.26492853888590506,0
24,41,-0.22302487257100978,0
24,42,-0.18939344489275456,0
24,43,-0.16179607691760722,0
24,44,-0.1380805171790911,0
24,45,-0.11641632201638252,0
24,46,-0.07552568329402476,0
24,47,-0.005102168265849194,0
24,48,0.05497630464803471,0
25,1,-0.18332827933209206,0
25,2,-0.22164448541732806,0
25,3,-0.1943822125932675,0
25,4,-0.17212164775808247,0
25,5,-0.16154426877979766,0
25,6,-0.10074466186316133,0
25,7,-0.08031662795825945,0
25,8,-0.06096136725038015,0
25,9,-0.019078771848938025,0
25,10,0.0020311622850881506,0
25,11,0.03915220415469989,0
25,12,0.07204497409353916,0
25,13,0.11699489356044879,0
25,14,0.1587272177397736,0
25,15,0.18348150764349924,0
25,16,0.179943781696684,0
25,17,0.2037135820552658,0
25,18,0.25384985724403286,0
25,19,0.28304987975141316,0
25,20,0.30148471340665406,0
25,21,0.28542012052589527,0
25,22,0.2435992675952532,0
25,23,0.1571348485186821,0
25,24,0.15821738343683922,0
25,25,0.20087248747588138,0
25,26,0.18489012916556824,0
25,27,0.20868188083137085,0
25,28,0.22674777735806106,0
25,29,0.23427629907660208,0
25,30,0.2596935555282398,0
25,31,0.26787371490632683,0
25,32,0.26531885505862984,0
25,33,0.31802842509297147,0
25,34,0.35439855955793576,0
25,35,0.37029655377392334,0
25,36,0.38362216400111393,0
25,37,0.37364054517732725,0
25,38,0.39936985288170845,0
25,39,0.43693770264744636,1
25,40,0.45152851805051863,1
25,41,0.46659546566628585,1
25,42,0.4803286905327804,1
25,43,0.4937367497552856,1
25,44,0.5159397601797817,1
25,45,0.5393352289343181,1
25,46,0.55919226462622,1
25,47,0.6060773164244972,1
25,48,0.6604633661001937,1
26,1,-0.34641252278402845,0
26,2,-0.28149186189632935,0
26,3,-0.200350127013321,0
26,4,-0.16677586486537344,0
26,5,-0.25913423491575927,0
26,6,-0.1025207091803697,0
26,7,-0.05070698247305305,0
26,8,0.04547812658941819,0
26,9,0.08384182136013152,0
26,10,0.1557931342533303,0
26,11,0.17327187072735484,0
26,12,0.26613689179651256,0
26,13,0.3127625969593195,0
26,14,0.32450073793715983,0
26,15,0.3360580815239409,0
26,16,0.1885494889510353,0
26,17,0.3350976342333203,0
26,18,0.45921403467399635,0
26,19,0.5177444656188515,0
26,20,0.5910342539807907,0
26,21,0.6305106926693709,0
26,22,0.645300838077187,0
26,23,0.6872849805464556,0
26,24,0.7200266293037494,0
26,25,0.7798671823717083,0
26,26,0.8086496296986567,0
26,27,0.8302433321441409,0
26,28,0.8785385481267607,0
26,29,0.9366724016751515,0
26,30,0.9899525761648249,0
26,31,1.0353513536692045,0
26,32,1.0187687075964131,0
26,33,1.0727657178194594,0
26,34,1.0579207991904145,0
26,35,1.0876669673810344,0
26,36,1.1521186819942937,0
26,37,1.149466960030912,0
26,38,1.1594024286387263,0
26,39,1.1987782886146565,1
26,40,1.2306232961769563,1
26,41,1.2706590225628602,1
26,42,1.2940225927322988,1
26,43,1.3149132119697953,1
26,44,1.3270146080763219,1
26,45,1.3565163574183057,1
26,46,1.3843188097272918,1
26,47,1.409075714332353,1
26,48,1.4330404030761592,1
27,1,0.764928909300794,0
27,2,0.7990178085986948,0
27,3,0.8308645732038755,0
27,4,0.8461217367540641,0
27,5,0.8896003615085508,0
27,6,0.9306882494513324,0
27,7,0.9442300031688902,0
27,8,0.9386533618853861,0
27,9,0.9779345836355144,0
27,10,1.033154606360469,0
27,11,1.06903382542707,0
27,12,1.0927425550035785,0
27,13,1.1269973930278017,0
27,14,1.1659613390386365,0
27,15,1.1736318491083733,0
27,16,1.1668370012646765,0
27,17,1.2083194203968812,0
27,18,1.237059626196352,0
27,19,1.2632463929848097,0
27,20,1.2989620652344733,0
27,21,1.312410669165084,0
27,22,1.318740159770325,0
27,23,1.317363490697458,0
27,24,1.332187640065948,0
27,25,1.3565789336574614,0
27,26,1.375831716029575,0
27,27,1.393590923167638,0
27,28,1.4029841747776572,0
27,29,1.4304308507379808,0
27,30,1.4587665460430426,0
27,31,1.4976299490968312,0
27,32,1.5348794291669048,0
27,33,1.545851985292952,0
27,34,1.5327795378796019,0
27,35,1.5489492145003751,0
27,36,1.5602506028713066,0
27,37,1.5651909812588087,0
27,38,1.579872891094002,0
27,39,1.5964005175636018,0
27,40,1.6131657692554011,0
27,41,1.6377035663137445,0
27,42,1.6513758049361176,0
27,43,1.650590353274847,0
27,44,1.6438157808938723,0
27,45,1.6533179568774958,0
27,46,1.659711454059968,0
27,47,1.6916846624451107,0
27,48,1.7207527939803882,0
28,1,0.8929765862891355,0
28,2,0.9410749389890913,0
28,3,0.9845080439591776,0
28,4,0.9878994719327725,0
28,5,1.0498588174221055,0
28,6,1.0766387432045654,0
28,7,1.0989691895150706,0
28,8,1.138704951940161,0
28,9,1.1796330483550665,0
28,10,1.228326993500227,0
28,11,1.2347982742318973,0
28,12,1.2545510913400229,0
28,13,1.2821580245535777,0
28,14,1.3114682154010655,0
28,15,1.2979046406596257,0
28,16,1.28198395620643,0
28,17,1.3274120408679444,0
28,18,1.3404162309348227,0
28,19,1.3568852027055076,0
28,20,1.3873922028687549,0
28,21,1.3824497575558183,0
28,22,1.3765944144975855,0
28,23,1.4074103341640107,0
28,24,1.4296263048476412,0
28,25,1.4646109592557544,0
28,26,1.4979946946672449,0
28,27,1.5382774402328963,0
28,28,1.539985689834797,0
28,29,1.5390208228115512,0
28,30,1.5431390242339322,0
28,31,1.5537166894692138,0
28,32,1.563123043263131,0
28,33,1.5767245672867176,0
28,34,1.5737088280036566,0
28,35,1.6141559483478982,0
28,36,1.6358450376074494,0
28,37,1.6563778924883366,0
28,38,1.6797647041034303,0
28,39,1.6946428157786517,1
28,40,1.7157339634990016,1
28,41,1.743665349237233,1
28,42,1.747917032570724,1
28,43,1.749522957473964,1
28,44,1.750584696999697,1
28,45,1.7703100438338613,1
28,46,1.7868272239874283,1
28,47,1.8156705055698712,1
28,48,1.8193370692737645,1
29,1,-0.579793444798109,0
29,2,-0.6233212670157231,0
29,3,-0.5080220731145051,0
29,4,-0.48144057968767306,0
29,5,-0.45599269594062175,0
29,6,-0.579303653195252,0
29,7,-0.5157339436231538,0
29,8,-0.5218319505119684,0
29,9,-0.5474698201163539,0
29,10,-0.49322483408502205,0
29,11,-0.38109770213290783,0
29,12,-0.31774028277376853,0
29,13,-0.2575185964029334,0
29,14,-0.17790370669260014,0
29,15,-0.15090213998574686,0
29,16,-0.12985775747110484,0
29,17,-0.09611623076638853,0
29,18,-0.07584977854817421,0
29,19,-0.07822254508852122,0
29,20,-0.060797538709204346,0
29,21,-0.015718545637236403,0
29,22,0.00032788404976002994,0
29,23,-0.004427924125770311,0
29,24,0.015047626814401305,0
29,25,0.00720248408025892,0
29,26,-0.02890076772702077,0
29,27,-0.017424386547464366,0
29,28,0.04641938653489408,0
29,29,0.04729199822561991,0
29,30,0.06671086956458883,0
29,31,0.006792562710643324,0
29,32,-0.0032618258789050003,0
29,33,0.06470149022464255,0
29,34,0.10750101442530102,0
29,35,0.11115846106569016,0
29,36,0.14121661482345793,0
29,37,0.18480083497941546,0
29,38,0.23570962001195817,0
29,39,0.2792052276015573,0
29,40,0.32060433147667755,0
29,41,0.3537336699895217,0
29,42,0.355709818931051,0
29,43,0.3901356399892908,0
29,44,0.37516813972539964,0
29,45,0.37353892777013176,0
29,46,0.4358299966171515,0
29,47,0.509165928972056,0
29,48,0.5658456175069775,0
30,1,0.3252034346073147,0
30,2,0.2949928899427956,0
30,3,-0.09223959290413752,0
30,4,0.08201502726717091,0
30,5,0.1408020711483413,0
30,6,0.19175780899629835,0
30,7,0.10989169489115991,0
30,8,0.17522512889367192,0
30,9,0.23714916510324535,0
30,10,0.280999517609442,0
30,11,0.33580454391295245,0
30,12,0.22804086620326292,0
30,13,0.37419554287642764,0
30,14,0.3867470782674003,0
30,15,0.3946387612664273,0
30,16,0.4187361074954916,0
30,17,0.4454183960830802,0
30,18,0.49706979606802904,0
30,19,0.5542128994592659,0
30,20,0.5899855298257339,0
30,21,0.5710945456759067,0
30,22,0.5700028107020279,0
30,23,0.5959911819178005,0
30,24,0.6140004339486085,0
30,25,0.6339045350598056,0
30,26,0.6390436167449103,0
30,27,0.6175545613703655,0
30,28,0.5874485373900562,0
30,29,0.5555708723721651,0
30,30,0.5693337187699621,0
30,31,0.5544818807454801,0
30,32,0.5236821635325688,0
30,33,0.5190561178294937,0
30,34,0.4826107994448767,0
30,35,0.4576994284815976,0
30,36,0.4731768340685658,0
30,37,0.4923834422893947,0
30,38,0.48808907557055026,0
30,39,0.5174468605329334,0
30,40,0.5321344617918395,0
30,41,0.5521921236067575,0
30,42,0.5661354448410254,0
30,43,0.6013774385064199,0
30,44,0.6492818080569096,0
30,45,0.6737159558206711,0
30,46,0.7103697985598911,0
30,47,0.7122744729659329,0
30,48,0.7275242888107378,0
31,1,-0.17874072867574764,0
31,2,-0.16111984869185036,0
31,3,-0.14540337866103226,0
31,4,-0.1527685156634675,0
31,5,-0.11758532812279832,0
31,6,-0.11550920876187476,0
31,7,-0.1202872240055548,0
31,8,-0.08947538061168014,0
31,9,-0.08132144918141915,0
31,10,-0.0869620638457329,0
31,11,-0.059184792819689136,0
31,12,-0.03187388554358783,0
31,13,-0.014529962490920312,0
31,14,0.07185272313576352,0
31,15,0.13797076777209227,0
31,16,0.2025795560801935,0
31,17,0.23987760264467717,0
31,18,0.2307287657984194,0
31,19,0.25520295987234665,0
31,20,0.2640526867034847,0
31,21,0.27293088793075526,0
31,22,0.29738893711479886,0
31,23,0.2812253362799835,0
31,24,0.25723294519206075,0
31,25,0.25803459732107825,0
31,26,0.2695996907773264,0
31,27,0.2774246072346953,0
31,28,0.2544805991906669,0
31,29,0.28212827997420664,0
31,30,0.270197559405422,0
31,31,0.28056277416678377,0
31,32,0.296175298303889,0
31,33,0.29432337805285247,0
31,34,0.2916803595753281,0
31,35,0.30815751654308876,0
31,36,0.3087541059843888,0
31,37,0.3055181595726557,0
31,38,0.3239817395098763,0
31,39,0.33435495380169034,0
31,40,0.2773206054443982,0
31,41,0.27098781152292695,0
31,42,0.28934092168530956,0
31,43,0.3089205071573433,0
31,44,0.31765169374443136,0
31,45,0.3703183364592437,0
31,46,0.39981633175860054,0
31,47,0.42200324914767506,0
31,48,0.42602377883144626,0
32,1,-0.9468390445054817,0
32,2,-0.9272494513324823,0
32,3,-0.9300374825454476,0
32,4,-0.9220894151068038,0
32,5,-0.8074149971000608,0
32,6,-0.7866690617862346,0
32,7,-0.8090589930598835,0
32,8,-0.8351249384180077,0
32,9,-0.8073524092694697,0
32,10,-0.7574912179158275,0
32,11,-0.6273911671654,0
32,12,-0.6183035402523904,0
32,13,-0.6052554181176708,0
32,14,-0.6178439410339536,0
32,15,-0.6156955191977715,0
32,16,-0.5926959479983296,0
32,17,-0.5035931711397215,0
32,18,-0.45988382353639334,0
32,19,-0.4155163782582205,0
32,20,-0.3532399513307949,0
32,21,-0.2940162885185629,0
32,22,-0.2840286692344778,0
32,23,-0.22581884024884236,0
32,24,-0.1249697162713348,0
32,25,-0.06538458767287203,0
32,26,-0.03305315948783871,0
32,27,-0.039642007504714805,0
32,28,0.0006446072730668106,0
32,29,0.020974975255617423,0
32,30,0.04636792610508422,0
32,31,0.07311931130905336,0
32,32,0.09752720103503432,0
32,33,0.1336856037455716,0
32,34,0.1404071334787904,0
32,35,0.1564234800664721,0
32,36,0.17770965449885434,0
32,37,0.20380029437140657,0
32,38,0.2331950383265866,0
32,39,0.2509563507619319,0
32,40,0.2854631779532868,0
32,41,0.31408747574486284,0
32,42,0.32750003820958007,0
32,43,0.3379510154341867,0
32,44,0.3477909349868522,0
32,45,0.3660252564307047,0
32,46,0.38742661545140145,0
32,47,0.4281943238983956,0
32,48,0.47117616811811924,0
33,1,0.25712963428394264,0
33,2,0.35182738393797663,0
33,3,0.43061671224822096,0
33,4,0.5039257589514197,0
33,5,0.5398774429274162,0
33,6,0.5892252488545413,0
33,7,0.6429012728080368,0
33,8,0.666101704679769,0
33,9,0.7072474023498225,0
33,10,0.7753605248487396,0
33,11,0.7998002244701681,0
33,12,0.8286398746924313,0
33,13,0.884998454872596,0
33,14,0.938444535450552,0
33,15,0.9748201111863484,0
33,16,0.969886930707947,0
33,17,0.9880132383467277,0
33,18,1.0026048284487548,0
33,19,1.0063111255143582,0
33,20,0.9988220336502813,0
33,21,1.010247548566129,0
33,22,1.0030323947223554,0
33,23,1.008210430943425,0
33,24,1.0185146010389516,0
33,25,1.029622808451247,0
33,26,1.04575122571746,0
33,27,1.0700858460631117,0
33,28,1.1134438664044666,0
33,29,1.1535013544729846,0
33,30,1.1915080074155266,0
33,31,1.2209786120909953,0
33,32,1.2400881339657541,0
33,33,1.245484511120111,0
33,34,1.23412410896956,0
33,35,1.2513006289004895,0
33,36,1.2715609308138518,0
33,37,1.2913007856682377,0
33,38,1.319265493855447,0
33,39,1.3514202502372843,1
33,40,1.3832420511260857,1
33,41,1.419146063007764,1
33,42,1.4422061622360012,1
33,43,1.4541377172176642,1
33,44,1.467281742000786,1
33,45,1.4798715319186133,1
33,46,1.4973517963030822,1
33,47,1.5188489019891556,1
33,48,1.5375290587271913,1
34,1,-1.831061558134441,0
34,2,-1.8129972239702106,0
34,3,-1.80084750168281,0
34,4,-1.7865785604136324,0
34,5,-1.7769335987783608,0
34,6,-1.7438064205390305,0
34,7,-1.722099093859196,0
34,8,-1.6880451520368638,0
34,9,-1.6642314357056458,0
34,10,-1.6543101837863041,0
34,11,-1.6877802510471644,0
34,12,-1.6794541539373737,0
34,13,-1.6560283567710163,0
34,14,-1.6545434600844482,0
34,15,-1.6798294594016463,0
34,16,-1.7296190921500898,0
34,17,-1.7339055396298342,0
34,18,-1.7555509014666582,0
34,19,-1.8032853711119863,0
34,20,-1.7525302293707918,0
34,21,-1.7165711522951517,0
34,22,-1.704540084970426,0
34,23,-1.7167465273139593,0
34,24,-1.7086731069020091,0
34,25,-1.7299612812670304,0
34,26,-1.8272830978689063,0
34,27,-1.7946623006676683,0
34,28,-1.6938900016546983,0
34,29,-1.7073655145963826,0
34,30,-1.7331656253837213,0
34,31,-1.7718889215422786,0
34,32,-1.864893078370816,0
34,33,-1.973867559468272,0
34,34,-1.8983745070700238,0
34,35,-1.8988577997747171,0
34,36,-1.8768792998066548,0
34,37,-1.7966204660015235,0
34,38,-1.7985721264090344,0
34,39,-1.8581310433514222,0
34,40,-1.8401262184732596,0
34,41,-1.8148197293123784,0
34,42,-1.7720138181037273,0
34,43,-1.7836612603480493,0
34,44,-1.826208537634865,0
34,45,-1.7427600331960162,0
34,46,-1.6720330426108996,0
34,47,-1.6083436392584902,0
34,48,-1.5396052533955196,0
35,1,0.51854439961736,0
35,2,0.574365159332709,0
35,3,0.5933965924892766,0
35,4,0.6146780016939939,0
35,5,0.6564605203871876,0
35,6,0.6939836055033126,0
35,7,0.7141292338436322,0
35,8,0.7247509227927589,0
35,9,0.7358840761018346,0
35,10,0.8140069825546004,0
35,11,0.8820607420133477,0
35,12,0.896380524519163,0
35,13,0.9544026527268592,0
35,14,1.0047287008485686,0
35,15,1.0256794104372347,0
35,16,1.0317682493946077,0
35,17,1.0333248122635208,0
35,18,1.034085740017943,0
35,19,1.0581554556807742,0
35,20,1.1142848866437287,0
35,21,1.1578076625012983,0
35,22,1.1648530400841768,0
35,23,1.1860607938534162,0
35,24,1.2072653351584552,0
35,25,1.2294204485667564,0
35,26,1.2547542480447902,0
35,27,1.2741480393056044,0
35,28,1.3008870549226934,0
35,29,1.3411944538623448,0
35,30,1.3802934623655503,0
35,31,1.3827473626026467,0
35,32,1.3275108791090933,0
35,33,1.2946932473690307,0
35,34,1.2840042088174002,0
35,35,1.3123722512295295,0
35,36,1.3435033879770089,0
35,37,1.370834878255394,0
35,38,1.4195238062375175,0
35,39,1.4620344026628889,1
35,40,1.4967760000765473,1
35,41,1.5410199295339737,1
35,42,1.5604624138759373,1
35,43,1.572419320934758,1
35,44,1.5868424230372113,1
35,45,1.6168695665328112,1
35,46,1.6372916641181927,1
35,47,1.667811241501946,1
35,48,1.7071546588413362,1
36,1,-0.47263099127096275,0
36,2,-0.47650464611709165,0
36,3,-0.4749784138000299,0
36,4,-0.44999745982782446,0
36,5,-0.43611573229220646,0
36,6,-0.48333314371731984,0
36,7,-0.5014042620145416,0
36,8,-0.4131486616270834,0
36,9,-0.3636551865622666,0
36,10,-0.36218508047188,0
36,11,-0.2869401377621932,0
36,12,-0.2515340892979996,0
36,13,-0.20600010643175093,0
36,14,-0.13282134774135823,0
36,15,-0.12671574785324058,0
36,16,-0.12448672278227413,0
36,17,-0.12558443239484784,0
36,18,-0.09816826447159954,0
36,19,-0.09720358452462197,0
36,20,-0.017003688996192423,0
36,21,-0.05003932855783866,0
36,22,-0.0177860889208441,0
36,23,-0.059244927979075435,0
36,24,-0.10502210759057196,0
36,25,-0.05629745305909051,0
36,26,-0.10366643492034733,0
36,27,-0.0563784774295355,0
36,28,-0.11658254618874153,0
36,29,-0.1029614611462435,0
36,30,-0.00015086598484437275,0
36,31,0.06280862475952276,0
36,32,0.0321010826962258,0
36,33,0.054086228605696895,0
36,34,0.0567251153375139,0
36,35,0.08685225123566909,0
36,36,0.09691058637414685,0
36,37,0.12672259988826529,0
36,38,0.09901478497247318,0
36,39,0.10201306357768569,0
36,40,0.16661299286029152,0
36,41,0.14723500696637082,0
36,42,0.16081857878221317,0
36,43,0.18584205317087932,0
36,44,0.19326054755001998,0
36,45,0.23500547371311242,0
36,46,0.2373255885760539,0
36,47,0.2470779753872483,0
36,48,0.2319534542942563,0
37,1,0.6285284063648886,0
37,2,0.6607257022252888,0
37,3,0.6979766509122509,0
37,4,0.7384940142206151,0
37,5,0.7822366322230518,0
37,6,0.8146901595883218,0
37,7,0.8501158738805721,0
37,8,0.884476229833723,0
37,9,0.9142358349241277,0
37,10,0.9654114149334383,0
37,11,1.0087949606480198,0
37,12,1.0452808153486188,0
37,13,1.0748283222970834,0
37,14,1.1190456910441338,0
37,15,1.1476041319050907,0
37,16,1.1336839235222484,0
37,17,1.165106031277766,0
37,18,1.190309892717666,0
37,19,1.2203040818938558,0
37,20,1.246849178037694,0
37,21,1.25680426478743,0
37,22,1.2620263634493902,0
37,23,1.2787562843311413,0
37,24,1.284687809410931,0
37,25,1.2926617981705864,0
37,26,1.3014084818084886,0
37,27,1.3158959887025539,0
37,28,1.3320584926822114,0
37,29,1.3659314086351948,0
37,30,1.3967482728544827,0
37,31,1.4163078926011714,0
37,32,1.4207062460599715,0
37,33,1.4299779081233464,0
37,34,1.4207497794540256,0
37,35,1.436521897363388,0
37,36,1.4501469207360813,0
37,37,1.4579330765981613,0
37,38,1.47328327068049,0
37,39,1.4987879922294738,1
37,40,1.5228156615688988,1
37,41,1.550802336407033,1
37,42,1.562784901234414,1
37,43,1.5676119258058634,1
37,44,1.569717532753769,1
37,45,1.5883242833812137,1
37,46,1.5972247730760607,1
37,47,1.6125178850677973,1
37,48,1.6275449046439388,1
38,1,0.15197756444043886,0
38,2,0.23135496070224804,0
38,3,0.29832938145472365,0
38,4,0.4001996008089215,0
38,5,0.4850637012002572,0
38,6,0.5492689044330401,0
38,7,0.5236009810888334,0
38,8,0.6231899773682175,0
38,9,0.6399520525018136,0
38,10,0.7166391793252673,0
38,11,0.7777201717359254,0
38,12,0.8436024955422408,0
38,13,0.9183044533394593,0
38,14,0.9843686892895853,0
38,15,1.2487136434177835,0
38,16,1.3796045785176965,0
38,17,1.6183883798229903,0
38,18,1.4862201681056213,0
38,19,1.23479700206288,0
38,20,1.2186468382955642,0
38,21,1.2192695684760206,0
38,22,1.2401189660344567,0
38,23,1.1921541569416707,0
38,24,1.2162741342662073,0
38,25,1.255028428488444,0
38,26,1.212493453848225,0
38,27,1.1827164555180385,0
38,28,1.0009684135684065,0
38,29,1.079504408564711,0
38,30,1.1254071688413116,0
38,31,1.1451093007247035,0
38,32,1.172398518106073,0
38,33,1.123456457678886,0
38,34,1.1211295741554839,0
38,35,1.1441735336144863,0
38,36,1.163488958102512,0
38,37,1.1721583650154432,0
38,38,1.1980190822413253,0
38,39,1.2015271189993424,0
38,40,1.0859252254435,0
38,41,1.053725199376581,0
38,42,1.052279797510641,0
38,43,1.0158132530697053,0
38,44,1.014883902817754,0
38,45,0.9989761289592973,0
38,46,0.9844403195165441,0
38,47,0.9330024685665954,0
38,48,0.959268279057591,0
39,1,0.7249447520101526,0
39,2,0.735936324769443,0
39,3,0.7429360014537796,0
39,4,0.7696679879983179,0
39,5,0.8099694368575552,0
39,6,0.8237593798957352,0
39,7,0.8354882288779066,0
39,8,0.8492103726227835,0
39,9,0.9036304748096189,0
39,10,0.8924866541980165,0
39,11,0.9070175475084419,0
39,12,0.9332393838259474,0
39,13,0.9665722150286182,0
39,14,1.0180078033141946,0
39,15,0.9957044430035022,0
39,16,0.9822492777298191,0
39,17,1.005893472959814,0
39,18,1.0260172060049317,0
39,19,1.0606815420397364,0
39,20,1.0916615018688436,0
39,21,1.0743459118268035,0
39,22,1.0676605698489592,0
39,23,1.084138890189159,0
39,24,1.118471765369213,0
39,25,1.13661291087333,0
39,26,1.170055723080802,0
39,27,1.194371154467948,0
39,28,1.2359404016458537,0
39,29,1.2807589822564456,0
39,30,1.299759416782365,0
39,31,1.3035491408630229,0
39,32,1.2920440048798465,0
39,33,1.2929135647444117,0
39,34,1.3116628162428032,0
39,35,1.341404794060411,0
39,36,1.3713259077333948,0
39,37,1.389836193551421,0
39,38,1.4225155199843478,0
39,39,1.4473562243436966,1
39,40,1.4711162161881912,1
39,41,1.49680707546608,1
39,42,1.517581443070556,1
39,43,1.535550532252925,1
39,44,1.5599576299991629,1
39,45,1.5752279092313728,1
39,46,1.5957082931651225,1
39,47,1.6097307690797962,1
39,48,1.6224767966150289,1
40,1,-0.505107408104001,0
40,2,-0.4989745044356342,0
40,3,-0.4825106693464063,0
40,4,-0.4773448560219711,0
40,5,-0.48343085231546734,0
40,6,-0.49630089361066254,0
40,7,-0.5200045867719538,0
40,8,-0.5296452280041208,0
40,9,-0.5426790026090647,0
40,10,-0.5197905965494787,0
40,11,-0.44375922595655215,0
40,12,-0.42012247536728786,0
40,13,-0.4656532795277766,0
40,14,-0.44454517558445783,0
40,15,-0.41128936414195305,0
40,16,-0.5428690298442511,0
40,17,-0.5894648197093408,0
40,18,-0.5843914115318976,0
40,19,-0.5293292413912667,0
40,20,-0.5666070005288546,0
40,21,-0.5825668144869756,0
40,22,-0.6368127460521764,0
40,23,-0.7248946286667515,0
40,24,-0.7936224968564378,0
40,25,-0.7526951211001975,0
40,26,-0.7382171274868705,0
40,27,-0.7207273350437413,0
40,28,-0.7051664671573876,0
40,29,-0.6820091453724819,0
40,30,-0.6629853929196052,0
40,31,-0.6584211073482109,0
40,32,-0.6384091626808317,0
40,33,-0.6297820928832376,0
40,34,-0.6131192078835239,0
40,35,-0.6086952253502398,0
40,36,-0.5973704822950943,0
40,37,-0.5806096103239673,0
40,38,-0.5664525049557163,0
40,39,-0.5480193983657466,0
40,40,-0.5318632607197893,0
40,41,-0.5179199306154132,0
40,42,-0.5017255511766825,0
40,43,-0.4838097838272093,0
40,44,-0.4626991914510663,0
40,45,-0.4407101337312227,0
40,46,-0.41206361456640295,0
40,47,-0.396612432564055,0
40,48,-0.3828315792098511,0
41,1,-1.0552559481682255,0
41,2,-1.0038244756171206,0
41,3,-1.007963541695509,0
41,4,-1.0146835142972446,0
41,5,-1.0947023365666677,0
41,6,-1.073077020827668,0
41,7,-1.0679235403001313,0
41,8,-1.1016415991116792,0
41,9,-1.1123214760999316,0
41,10,-1.1460295713926234,0
41,11,-1.2406517959611723,0
41,12,-1.205357074928921,0
41,13,-1.1928103950697961,0
41,14,-1.1848391194714196,0
41,15,-1.145832014223883,0
41,16,-1.1255987542584336,0
41,17,-1.0646280502293441,0
41,18,-1.09661324836362,0
41,19,-1.0455262612784004,0
41,20,-1.062592178543163,0
41,21,-1.0512516806598313,0
41,22,-1.0605521285440105,0
41,23,-1.0638295266663116,0
41,24,-1.0742145546932242,0
41,25,-1.0854222756661533,0
41,26,-1.068109762623517,0
41,27,-1.0659673337700148,0
41,28,-1.06270152931699,0
41,29,-1.037874332770838,0
41,30,-1.0369082971451524,0
41,31,-1.039831267555888,0
41,32,-1.064301520472573,0
41,33,-1.0865269162204676,0
41,34,-1.0939931352810666,0
41,35,-1.1046141365441686,0
41,36,-1.101814081709481,0
41,37,-1.0869681227620784,0
41,38,-1.0654197507693137,0
41,39,-1.0441822840559167,0
41,40,-1.0217841650897075,0
41,41,-1.0127554324719608,0
41,42,-0.9975500474545713,0
41,43,-0.9702977595443265,0
41,44,-0.9760070198444648,0
41,45,-0.9730155339200897,0
41,46,-0.9647680494340278,0
41,47,-0.9848117119353015,0
41,48,-0.9473944568056885,0
42,1,-0.6116404904781927,0
42,2,-0.6871217168014008,0
42,3,-0.6977172272289023,0
42,4,-0.7144617566457434,0
42,5,-0.6516643548802623,0
42,6,-0.5969654007778455,0
42,7,-0.6141243179834177,0
42,8,-0.6414949358235003,0
42,9,-0.6348419537046723,0
42,10,-0.6356028444464634,0
42,11,-0.6348398422036734,0
42,12,-0.6593743952227227,0
42,13,-0.683209832197873,0
42,14,-0.6354288311597003,0
42,15,-0.6137904682145079,0
42,16,-0.5894616645708259,0
42,17,-0.6252215124868643,0
42,18,-0.6360545037993894,0
42,19,-0.6190243729024569,0
42,20,-0.6718495538974478,0
42,21,-0.6970398832190394,0
42,22,-0.5860896570398451,0
42,23,-0.5590162356454575,0
42,24,-0.6210569837764126,0
42,25,-0.631725863315646,0
42,26,-0.6400724277510559,0
42,27,-0.6610074657425473,0
42,28,-0.6758052766870142,0
42,29,-0.6738125487512789,0
42,30,-0.6813785462968465,0
42,31,-0.6850755337725332,0
42,32,-0.6906754204301722,0
42,33,-0.687990314617525,0
42,34,-0.687263439337733,0
42,35,-0.7094299828970776,0
42,36,-0.7255911250582034,0
42,37,-0.7142835273144295,0
42,38,-0.7345896504981502,0
42,39,-0.7284739026274911,0
42,40,-0.6973295945763969,0
42,41,-0.6724472453581409,0
42,42,-0.6510936358388335,0
42,43,-0.6739233828090736,0
42,44,-0.6818286316523627,0
42,45,-0.6347581474193218,0
42,46,-0.6697919045880765,0
42,47,-0.6872603280993879,0
42,48,-0.6839566330863942,0
43,1,-1.0119125750931586,0
43,2,-0.9918057920725625,0
43,3,-1.030272297794114,0
43,4,-0.9154273144671086,0
43,5,-0.9000863181311889,0
43,6,-0.8866234110671476,0
43,7,-1.0387781945915897,0
43,8,-0.957655785957721,0
43,9,-0.9518230046892375,0
43,10,-0.9296235170675207,0
43,11,-1.158078243606382,0
43,12,-1.208614248100913,0
43,13,-1.174026122195202,0
43,14,-1.1813687360417502,0
43,15,-1.1577908376234394,0
43,16,-1.1045104117857534,0
43,17,-1.0699779270747314,0
43,18,-1.135470080539939,0
43,19,-1.033389640466079,0
43,20,-1.0209782036055977,0
43,21,-1.1763245505647015,0
43,22,-1.1947748255401693,0
43,23,-1.178686008787185,0
43,24,-1.229270142719467,0
43,25,-1.2063108105462357,0
43,26,-1.1923084362913654,0
43,27,-1.2212504740392172,0
43,28,-1.1948707051239795,0
43,29,-1.158169282233466,0
43,30,-1.1407213361457176,0
43,31,-1.133380627803053,0
43,32,-1.1289269145629213,0
43,33,-1.123820873863198,0
43,34,-1.1250447431612862,0
43,35,-1.1195529332050063,0
43,36,-1.1040317275809883,0
43,37,-1.0891375983932194,0
43,38,-1.0549736041429236,0
43,39,-1.2253904381006748,0
43,40,-1.1352246898633203,0
43,41,-1.152169574754545,0
43,42,-1.1516464806162627,0
43,43,-1.1796191638490194,0
43,44,-1.1940842624350045,0
43,45,-1.1895173917276702,0
43,46,-1.1731259763061148,0
43,47,-1.1730919838228964,0
43,48,-1.1656611781572739,0
44,1,-0.7447260701594018,0
44,2,-0.7470103718292069,0
44,3,-0.7517411087899983,0
44,4,-0.7210687557786146,0
44,5,-0.6917418535666897,0
44,6,-0.7205405835421299,0
44,7,-0.7052468048232532,0
44,8,-0.6758041683541895,0
44,9,-0.6677942418162921,0
44,10,-0.6580739199204073,0
44,11,-0.670186043789835,0
44,12,-0.6213833346863051,0
44,13,-0.5772353719421419,0
44,14,-0.4836760557804354,0
44,15,-0.42296047488284483,0
44,16,-0.3384328733433559,0
44,17,-0.31112307104708137,0
44,18,-0.23296175107668393,0
44,19,-0.2687182266155652,0
44,20,-0.32077481272606256,0
44,21,-0.30860966098030307,0
44,22,-0.3086323260338748,0
44,23,-0.35209755035980805,0
44,24,-0.37743719921927266,0
44,25,-0.4299705673413481,0
44,26,-0.378016030405937,0
44,27,-0.4371814659424951,0
44,28,-0.431725171120247,0
44,29,-0.43548919513334194,0
44,30,-0.47030024363350176,0
44,31,-0.47466185400987904,0
44,32,-0.49872363532733743,0
44,33,-0.42083526929421033,0
44,34,-0.37264080419165513,0
44,35,-0.32617412972753446,0
44,36,-0.263026874973721,0
44,37,-0.04393246285757968,0
44,38,0.48748435426912096,0
44,39,0.5912807427780065,0
44,40,0.7332188703844356,0
44,41,0.8027589269245254,0
44,42,1.2048817820214062,0
44,43,1.3253293122894938,0
44,44,1.3978041962243477,0
44,45,1.5435708866545585,0
44,46,1.57845985704245,0
44,47,1.5840136842726693,0
44,48,1.6652863745248503,0
45,1,0.12465942838842459,0
45,2,0.22206250526013527,0
45,3,0.22011035949905366,0
45,4,0.3113285559108263,0
45,5,0.3840638739743465,0
45,6,0.46631177906764787,0
45,7,0.5131245610579604,0
45,8,0.5496032908159068,0
45,9,0.6058797622622247,0
45,10,0.6950226317001729,0
45,11,0.765192192539871,0
45,12,0.8236823731665641,0
45,13,0.8997319593248196,0
45,14,0.9590545981388399,0
45,15,0.8954624732515928,0
45,16,0.9384785900451433,0
45,17,0.9836592880193056,0
45,18,0.9961088805699525,0
45,19,1.042713399087532,0
45,20,1.0583836862164695,0
45,21,1.0541429332387384,0
45,22,1.0328301683786378,0
45,23,1.0166330910328636,0
45,24,1.0020952629782496,0
45,25,1.0141644774494782,0
45,26,1.030622418652495,0
45,27,1.0308747917525505,0
45,28,1.0078514510284524,0
45,29,1.0392630510321492,0
45,30,1.0658510342377614,0
45,31,1.0597130611361774,0
45,32,1.0778004497848723,0
45,33,1.0748008073683355,0
45,34,1.0517446957365895,0
45,35,1.059282499793003,0
45,36,1.0685884600330038,0
45,37,1.0852514046363702,0
45,38,1.1160308968576178,0
45,39,1.1429242782567357,1
45,40,1.163867608633515,1
45,41,1.192340665752102,1
45,42,1.2232694896095992,1
45,43,1.2532610119657015,1
45,44,1.298725333134227,1
45,45,1.338320739816421,1
45,46,1.3410605113674574,1
45,47,1.3846041590625795,1
45,48,1.4086274761747788,1
46,1,-0.42155408917439097,0
46,2,-0.4127881552600625,0
46,3,-0.4100003801848118,0
46,4,-0.3596978345036792,0
46,5,-0.34799598249026253,0
46,6,-0.3291730616181656,0
46,7,-0.30102883318501483,0
46,8,-0.28425375933857566,0
46,9,-0.2307078568943366,0
46,10,-0.20927405555425782,0
46,11,-0.18078357074720142,0
46,12,-0.15845117339331694,0
46,13,-0.12197504839524775,0
46,14,-0.0894696830209627,0
46,15,-0.05975144775133856,0
46,16,-0.0653744226986781,0
46,17,-0.026711477418285945,0
46,18,0.015685155922787075,0
46,19,0.036058617404074234,0
46,20,0.05416805705897154,0
46,21,0.06442375045178661,0
46,22,0.049103200857466334,0
46,23,-0.0023458435082472917,0
46,24,-0.045086225842010386,0
46,25,-0.06184139098497887,0
46,26,-0.08723206486955704,0
46,27,-0.10612223431892076,0
46,28,-0.09656170634245154,0
46,29,-0.08399859242145613,0
46,30,-0.07099381682020312,0
46,31,-0.06487987539906293,0
46,32,-0.05433171008674531,0
46,33,-0.03429668816414466,0
46,34,-0.021569593146209876,0
46,35,-0.007826549848038766,0
46,36,0.01357819783151104,0
46,37,0.018951356605221292,0
46,38,0.03556653523157571,0
46,39,0.056004058779000054,0
46,40,0.07124408402685489,0
46,41,0.08183676560903663,0
46,42,0.08165686977130715,0
46,43,0.0938006129528901,0
46,44,0.09496955619126002,0
46,45,0.10137165185127017,0
46,46,0.10893724434028318,0
46,47,0.13394965420611982,0
46,48,0.16660602693426352,0
47,1,-0.15839081693626156,0
47,2,-0.13658189388216346,0
47,3,-0.06067318837880453,0
47,4,0.03661587555696144,0
47,5,0.08370258441185285,0
47,6,0.17589691377075756,0
47,7,0.1809202477568741,0
47,8,0.17192587606859178,0
47,9,0.18402467031596892,0
47,10,0.25995487281350993,0
47,11,0.3154413605395767,0
47,12,0.360803179209797,0
47,13,0.4329581354001597,0
47,14,0.5172444522128803,0
47,15,0.5215201917914865,0
47,16,0.506153413809618,0
47,17,0.6087772469878985,0
47,18,0.6755110929790131,0
47,19,0.7148782875695217,0
47,20,0.7814748872857198,0
47,21,0.8407196391375624,0
47,22,0.8975473267885992,0
47,23,0.9074990551623028,0
47,24,0.9439769464027421,0
47,25,1.0121161980570594,0
47,26,1.0058319896370378,0
47,27,1.0806014979582947,0
47,28,1.1724224915992085,0
47,29,1.2271267815085185,0
47,30,1.2327573677908177,0
47,31,1.2523630373378563,0
47,32,1.2885767907137975,0
47,33,1.330215152664353,0
47,34,1.3718482481012568,0
47,35,1.411199489213315,0
47,36,1.419221193629424,0
47,37,1.440522434422828,0
47,38,1.4671007482369003,0
47,39,1.4005849204174012,0
47,40,1.4077984383371316,0
47,41,1.4593272577411955,0
47,42,1.4566550623242271,0
47,43,1.4658543016469139,0
47,44,1.4883545349945937,0
47,45,1.5561776256113564,0
47,46,1.6131395133643238,0
47,47,1.6664022154579143,0
47,48,1.7145405743328332,0
48,1,-0.6219145244062743,0
48,2,-0.6350040678057889,0
48,3,-0.6310636972540351,0
48,4,-0.6655264386459931,0
48,5,-0.65876659975459,0
48,6,-0.5935782996152321,0
48,7,-0.5867393388881625,0
48,8,-0.5828476699996861,0
48,9,-0.5546936900419279,0
48,10,-0.5799498730110999,0
48,11,-0.5881698203346826,0
48,12,-0.580057091799822,0
48,13,-0.5577654487048651,0
48,14,-0.5189501126237115,0
48,15,-0.5546004297131892,0
48,16,-0.5623397819199916,0
48,17,-0.5039534669919448,0
48,18,-0.44664456664649155,0
48,19,-0.39232855944899203,0
48,20,-0.3799576865040555,0
48,21,-0.4003138911108364,0
48,22,-0.4050988211266269,0
48,23,-0.4426656218588789,0
48,24,-0.47610940833354487,0
48,25,-0.4656967329037185,0
48,26,-0.45635567554717493,0
48,27,-0.47530073779579585,0
48,28,-0.4507323297215189,0
48,29,-0.4373558784631051,0
48,30,-0.42613633439860976,0
48,31,-0.44968238566784,0
48,32,-0.44695577767134154,0
48,33,-0.4249309349916599,0
48,34,-0.3978985598546192,0
48,35,-0.4326311244122394,0
48,36,-0.42234344863564477,0
48,37,-0.4158342136415536,0
48,38,-0.3975820838705566,0
48,39,-0.3959789736249544,0
48,40,-0.43424596572994467,0
48,41,-0.40900404375399546,0
48,42,-0.40788684356445515,0
48,43,-0.3979741565361241,0
48,44,-0.38119548783203605,0
48,45,-0.3504115622565154,0
48,46,-0.3204749334858237,0
48,47,-0.28585286786632214,0
48,48,-0.2536604012782604,0
49,1,-0.6433341014766416,0
49,2,-0.685170358425081,0
49,3,-0.6378149909906945,0
49,4,-0.671735004456746,0
49,5,-0.7030247187823893,0
49,6,-0.7132496128529624,0
49,7,-0.7248183600358855,0
49,8,-0.7604322340769194,0
49,9,-0.7515481972840536,0
49,10,-0.7373874849559794,0
49,11,-0.7493849805391166,0
49,12,-0.7114584064924667,0
49,13,-0.717802511593562,0
49,14,-0.6930589996823358,0
49,15,-0.660403179722735,0
49,16,-0.6662827629898898,0
49,17,-0.6139066747593702,0
49,18,-0.6263277500772659,0
49,19,-0.6033081574613837,0
49,20,-0.5596097179436796,0
49,21,-0.5178935630564165,0
49,22,-0.5613702722561706,0
49,23,-0.6118171674544328,0
49,24,-0.6237265562381689,0
49,25,-0.6408555610940843,0
49,26,-0.6550936479709275,0
49,27,-0.6781146240861853,0
49,28,-0.7027158788337715,0
49,29,-0.6944097586143281,0
49,30,-0.7368283660861445,0
49,31,-0.7453250817810275,0
49,32,-0.7464927671674557,0
49,33,-0.8090287358850956,0
49,34,-0.8723308217804746,0
49,35,-0.9955143200813996,0
49,36,-0.9317806254394165,0
49,37,-0.9131325054449402,0
49,38,-0.9059892360121271,0
49,39,-0.9028867364977806,0
49,40,-0.8951098588646609,0
49,41,-0.9022096960071728,0
49,42,-0.9250602896763418,0
49,43,-0.9408745654987349,0
49,44,-0.9512468760064214,0
49,45,-0.9947248041873538,0
49,46,-0.9929162529913338,0
49,47,-0.9873233067091842,0
49,48,-0.9727100808089375,0
50,1,-1.0041552642180118,0
50,2,-0.9562862434001946,0
50,3,-0.9740592879095251,0
50,4,-1.023823029768132,0
50,5,-1.002103790117011,0
50,6,-1.0088702366706972,0
50,7,-1.0023298384947052,0
50,8,-1.0076516678146108,0
50,9,-0.9679717831211523,0
50,10,-0.9794374206549943,0
50,11,-0.9354720767154108,0
50,12,-0.9007657738713313,0
50,13,-0.8470798084472797,0
50,14,-0.77866379260184,0
50,15,-0.7381441419781671,0
50,16,-0.7183570368461076,0
50,17,-0.6830414438494277,0
50,18,-0.632577163341403,0
50,19,-0.5889699921020748,0
50,20,-0.5577365447230518,0
50,21,-0.4980958914380116,0
50,22,-0.4534030989782476,0
50,23,-0.45419724591914257,0
50,24,-0.40242378414979285,0
50,25,-0.36416230458205145,0
50,26,-0.3615325156860667,0
50,27,-0.3305700652589385,0
50,28,-0.3065442423687541,0
50,29,-0.27510262529783436,0
50,30,-0.21726108224055185,0
50,31,-0.1596630005208981,0
50,32,-0.10228427363312242,0
50,33,-0.05785430339793596,0
50,34,-0.012762026089663259,0
50,35,0.035031837989179415,0
50,36,0.08861318639599958,0
50,37,0.13953103442826276,0
50,38,0.16611939924873909,0
50,39,0.03568250897746861,0
50,40,0.034073727059658054,0
50,41,0.06280670825725743,0
50,42,0.08123244940701646,0
50,43,0.10661393579056444,0
50,44,0.13428222569479065,0
50,45,0.16400119426485915,0
50,46,0.19906546402398018,0
50,47,0.23265736885758148,0
50,48,0.27302890603924723,0
51,1,-1.3787002275530869,0
51,2,-1.365927698652377,0
51,3,-1.3555296717515564,0
51,4,-1.3195170460972188,0
51,5,-1.2774635167573622,0
51,6,-1.3145163354008815,0
51,7,-1.3365583453762344,0
51,8,-1.2910587166106806,0
51,9,-1.268153195057761,0
51,10,-1.1977246986901227,0
51,11,-1.2039048405072474,0
51,12,-1.2077715275548808,0
51,13,-1.2323921637048398,0
51,14,-1.2274759462438887,0
51,15,-1.2371389727003326,0
51,16,-1.182598424501574,0
51,17,-1.1871591349748645,0
51,18,-1.1478774412914152,0
51,19,-1.1216952359182875,0
51,20,-1.1845648945357814,0
51,21,-1.149982315044797,0
51,22,-1.1161685653921616,0
51,23,-1.1044553995965174,0
51,24,-1.0635767115886923,0
51,25,-1.0524265585272445,0
51,26,-1.026551581163452,0
51,27,-1.0051551518251776,0
51,28,-0.9842601677976202,0
51,29,-0.9225851005633565,0
51,30,-0.8867062968745598,0
51,31,-0.8577805852399347,0
51,32,-0.8714021871603954,0
51,33,-0.84379498629119,0
51,34,-0.8196499539222275,0
51,35,-0.7753740430711469,0
51,36,-0.7294744279991923,0
51,37,-0.6853510720285243,0
51,38,-0.6642195544541911,0
51,39,-0.6307574990742353,0
51,40,-0.587984434041438,0
51,41,-0.5696304124038978,0
51,42,-0.5413915868403105,0
51,43,-0.524524230350564,0
51,44,-0.4707473084437215,0
51,45,-0.41723797931110873,0
51,46,-0.3663256321474737,0
51,47,-0.3140436858637168,0
51,48,-0.2645763864934638,0
52,1,0.36992399256335773,0
52,2,0.41497947234088706,0
52,3,0.44327726305472837,0
52,4,0.4783141691521626,0
52,5,0.5102605234278856,0
52,6,0.5266602069109139,0
52,7,0.5262252582298741,0
52,8,0.5638122287261966,0
52,9,0.6335942668252388,0
52,10,0.6876293366857675,0
52,11,0.6955431725047321,0
52,12,0.7138469457693395,0
52,13,0.7546236642895723,0
52,14,0.7800134641594401,0
52,15,0.8010933374776386,0
52,16,0.8333342709326743,0
52,17,0.8309736798363172,0
52,18,0.8836505560084014,0
52,19,0.9289359342816947,0
52,20,0.9423231229935851,0
52,21,0.9571742242848043,0
52,22,0.9754863252082515,0
52,23,0.9866711243325117,0
52,24,0.9782822903094335,0
52,25,1.009473829886712,0
52,26,1.0319345996242753,0
52,27,1.026808367286101,0
52,28,1.0651218952542276,0
52,29,1.1086100954477534,0
52,30,1.1566682664123764,0
52,31,1.2246982574763887,0
52,32,1.2391270689274538,0
52,33,1.263968538401711,0
52,34,1.2823617825066034,0
52,35,1.3246010996062445,0
52,36,1.3963909865630466,0
52,37,1.4532559168874535,0
52,38,1.5283640663182805,0
52,39,1.5885138270577794,1
52,40,1.6634811213546836,1
52,41,1.7287245590300877,1
52,42,1.763121360983579,1
52,43,1.8003643651228352,1
52,44,1.8108672555094607,1
52,45,1.8490503583817208,1
52,46,1.8811891580675049,1
52,47,1.9085941364106258,1
52,48,1.9330421259071517,1
53,1,0.9122312891536879,0
53,2,0.9567277555633176,0
53,3,0.9863689061075522,0
53,4,1.0118209436525358,0
53,5,1.050134709240524,0
53,6,1.1344692520155668,0
53,7,1.1994754945997883,0
53,8,1.2621230483025414,0
53,9,1.3383156767621696,0
53,10,1.4181024008157745,0
53,11,0.9744430586891273,0
53,12,1.0602852071500823,0
53,13,1.1518736930079747,0
53,14,1.1894238368476024,0
53,15,1.2132532246262482,0
53,16,1.1858067504112064,0
53,17,1.301614690207881,0
53,18,1.2515232090408261,0
53,19,1.1080231019872802,0
53,20,0.9706200051016634,0
53,21,0.7341023627987715,0
53,22,0.6515576231766653,0
53,23,0.7929970821011967,0
53,24,0.8468834229808042,0
53,25,0.7498437193035432,0
53,26,0.7315111935766758,0
53,27,0.6113217280761241,0
53,28,0.5773028409987386,0
53,29,0.4940559508167901,0
53,30,0.5176200900686068,0
53,31,0.6030441488580429,0
53,32,0.6868731921784201,0
53,33,0.7013170170108705,0
53,34,0.6783260885362301,0
53,35,0.6534697740282285,0
53,36,0.6615491975246384,0
53,37,0.7136907485705253,0
53,38,0.7154142649606632,0
53,39,0.7156372756687928,0
53,40,0.7267520442033009,0
53,41,0.7467732116436654,0
53,42,0.7513375990619684,0
53,43,0.8051078068204074,0
53,44,0.8629096479927814,0
53,45,0.8809463378720057,0
53,46,0.8977239422276746,0
53,47,0.9292500671621955,0
53,48,0.9858760152576895,0
54,1,0.5498389391663014,0
54,2,0.5346564345393787,0
54,3,0.5872602062805594,0
54,4,0.6540337896534387,0
54,5,0.7185584430779475,0
54,6,0.7626412354195331,0
54,7,0.8187947687426469,0
54,8,0.7949344940770366,0
54,9,0.7366596167661159,0
54,10,0.7494466260060868,0
54,11,0.8051724682078909,0
54,12,0.8977260508451526,0
54,13,0.93675972795611,0
54,14,0.9807490123223754,0
54,15,1.0167021225363833,0
54,16,1.012385215756538,0
54,17,1.052630260835766,0
54,18,1.1163623400701166,0
54,19,1.1584900663082838,0
54,20,1.1911787923890902,0
54,21,1.2302711418538514,0
54,22,1.2566485015726059,0
54,23,1.265149424639123,0
54,24,1.2369443021932263,0
54,25,1.2611440552208482,0
54,26,1.2787152278082008,0
54,27,1.3204358606887467,0
54,28,1.3801999109650502,0
54,29,1.3702827823785277,0
54,30,1.3635394282541125,0
54,31,1.364601652216594,0
54,32,1.3542296604686843,0
54,33,1.3170775151538514,0
54,34,1.319998648786198,0
54,35,1.3419511716219734,0
54,36,1.3350519993155618,0
54,37,1.3665431241816037,0
54,38,1.4180099397989157,0
54,39,1.4678271167545915,1
54,40,1.4933872511365642,1
54,41,1.5258924879390374,1
54,42,1.5507303417934448,1
54,43,1.5492671598159422,1
54,44,1.5604570352076124,1
54,45,1.6164730562036862,1
54,46,1.6570564006265567,1
54,47,1.6867107102250003,1
54,48,1.7469126682925982,1
55,1,0.3128334040279741,0
55,2,0.3707860847841724,0
55,3,0.41606225497567095,0
55,4,0.4662810831311548,0
55,5,0.5145552224486876,0
55,6,0.47724063903659,0
55,7,0.5326870171901472,0
55,8,0.5245035725259175,0
55,9,0.527161376581752,0
55,10,0.6264537364079752,0
55,11,0.7019009239407126,0
55,12,0.7641240497228559,0
55,13,0.833279758158957,0
55,14,0.8509346470746344,0
55,15,0.8767156016491864,0
55,16,0.8786975705979891,0
55,17,0.8587581056249487,0
55,18,0.8465863816952712,0
55,19,0.8729506790524493,0
55,20,0.9058937591758234,0
55,21,0.9031754535464547,0
55,22,0.9312855105047255,0
55,23,0.9337163484148441,0
55,24,0.9472184216129627,0
55,25,0.94108034680246,0
55,26,0.9605611666390121,0
55,27,0.9816081472800278,0
55,28,1.026182069898125,0
55,29,1.0354190480308088,0
55,30,1.022222956630003,0
55,31,1.059693226037231,0
55,32,1.0961029064865517,0
55,33,1.1295391305828097,0
55,34,1.1327598675086339,0
55,35,1.1635364910032173,0
55,36,1.207105180430684,0
55,37,1.2246114179106442,0
55,38,1.2364676831762083,0
55,39,1.25123215220213,1
55,40,1.2622185590357429,1
55,41,1.3165683898454823,1
55,42,1.3017190811130757,1
55,43,1.2854087276171828,1
55,44,1.2799195930107548,1
55,45,1.3051629885808875,1
55,46,1.3220680673329426,1
55,47,1.3501597768072031,1
55,48,1.3787933072450897,1
56,1,0.5369747748383285,0
56,2,0.5988053409613343,0
56,3,0.6436899869721033,0
56,4,0.6832845522158895,0
56,5,0.6994741644450944,0
56,6,0.7208134468490845,0
56,7,0.7645263286261628,0
56,8,0.8169450334531749,0
56,9,0.8659407624236461,0
56,10,0.9101208838778678,0
56,11,1.0044359556318145,0
56,12,1.0138015946460524,0
56,13,1.0385673580798027,0
56,14,1.0909882298955083,0
56,15,1.1308953590412436,0
56,16,1.1083811115210214,0
56,17,1.1622331343453975,0
56,18,1.1798994445543176,0
56,19,1.2035813155595338,0
56,20,1.249516548812915,0
56,21,1.2753592809141416,0
56,22,1.2800991115253098,0
56,23,1.281486142857057,0
56,24,1.2894778855668747,0
56,25,1.3147688558379613,0
56,26,1.3369225569400154,0
56,27,1.3599574445211964,0
56,28,1.3860299899432373,0
56,29,1.4204566792297726,0
56,30,1.4483924434839501,0
56,31,1.4647583269309479,0
56,32,1.4772509067992008,0
56,33,1.4837167173367565,0
56,34,1.4759422570970333,0
56,35,1.4935146982646383,0
56,36,1.517443787198438,0
56,37,1.5285917242579004,0
56,38,1.5445794023711432,0
56,39,1.5585527517494526,1
56,40,1.571207783769955,1
56,41,1.6002354619436812,1
56,42,1.6119182071806275,1
56,43,1.609692265958845,1
56,44,1.6059471666331824,1
56,45,1.6141511720230355,1
56,46,1.6176082690420461,1
56,47,1.6304718411657984,1
56,48,1.6394763295156292,1
57,1,-0.003041908510380331,0
57,2,0.026331869119562867,0
57,3,0.03593089713981534,0
57,4,0.07658213625442656,0
57,5,0.10569286770679565,0
57,6,0.12096636036172814,0
57,7,0.11397893057078257,0
57,8,0.1018232598158555,0
57,9,0.10232217398504684,0
57,10,0.12300897433220026,0
57,11,0.21998225073274735,0
57,12,0.23225515419758835,0
57,13,0.2925348859924881,0
57,14,0.28944930919201894,0
57,15,0.24272304219733787,0
57,16,0.22770619403851988,0
57,17,0.16015736481750142,0
57,18,0.12949239789987832,0
57,19,0.12395040250388778,0
57,20,0.09753551124668558,0
57,21,0.0359223964237847,0
57,22,0.04386660997732594,0
57,23,0.03978591610624793,0
57,24,0.04450085054720798,0
57,25,0.024288767088622265,0
57,26,-0.026547464297052237,0
57,27,-0.02075953301692035,0
57,28,0.03568001666273801,0
57,29,0.054617864079662404,0
57,30,0.10538796064777856,0
57,31,0.14441347756680134,0
57,32,0.14501459593803023,0
57,33,0.22043110554554346,0
57,34,0.22888264857501994,0
57,35,0.2281888732102768,0
57,36,0.2286786802810914,0
57,37,0.22320267354971257,0
57,38,0.20673609658797787,0
57,39,0.18837839215628982,0
57,40,0.1891154262806829,0
57,41,0.18792033244111384,0
57,42,0.19227971684955758,0
57,43,0.19216453642344433,0
57,44,0.21719195765294952,0
57,45,0.2232371182428068,0
57,46,0.22584121095850307,0
57,47,0.24514788249310637,0
57,48,0.2526078663181881,0
58,1,0.1773677660796844,0
58,2,0.27663629488878794,0
58,3,0.2520945215999264,0
58,4,0.2691064311395932,0
58,5,0.3497728199572574,0
58,6,0.40476759271593643,0
58,7,0.3928362725497436,0
58,8,0.38476272654479526,0
58,9,0.2989062542833585,0
58,10,0.3239682020279515,0
58,11,0.18182440030361935,0
58,12,0.1476651408412728,0
58,13,0.1603928948533584,0
58,14,0.07436642533568172,0
58,15,0.0491021186784657,0
58,16,0.018033691192241186,0
58,17,0.10633288784571793,0
58,18,0.1515220904398049,0
58,19,0.244618702399241,0
58,20,0.37971011045127945,0
58,21,0.4421009287039528,0
58,22,0.5454588146063264,0
58,23,0.5696049984295035,0
58,24,0.5159354481830922,0
58,25,0.516396541007369,0
58,26,0.4589494123415143,0
58,27,0.47120196435008044,0
58,28,0.45853612306106406,0
58,29,0.43780880996008786,0
58,30,0.3060557768732082,0
58,31,0.2635991833122704,0
58,32,0.23259324792467595,0
58,33,0.29871060927667514,0
58,34,0.28992441143339764,0
58,35,0.29038342429503405,0
58,36,0.30771201332174236,0
58,37,0.2990531593513541,0
58,38,0.306067743667942,0
58,39,0.31456010860158923,0
58,40,0.327907065443954,0
58,41,0.3482514698237198,0
58,42,0.37674363980014647,0
58,43,0.40901268231932963,0
58,44,0.4261350357006606,0
58,45,0.4740066775545415,0
58,46,0.5132620798579124,0
58,47,0.5469926547099604,0
58,48,0.577229978544878,0
59,1,0.14613286286308114,0
59,2,0.23294524363791957,0
59,3,0.294600541456024,0
59,4,0.35700822717036296,0
59,5,0.4375861579436018,0
59,6,0.4750395917224548,0
59,7,0.5495654439159541,0
59,8,0.6294599818657973,0
59,9,0.7148490795461262,0
59,10,0.8000566263084927,0
59,11,0.8730143565174266,0
59,12,0.8997545727443441,0
59,13,0.9556377640789684,0
59,14,1.0086969972338125,0
59,15,0.9868644491980234,0
59,16,1.0020179445149502,0
59,17,1.0254245704687754,0
59,18,1.0531618199155321,0
59,19,1.0887823175097608,0
59,20,1.1266256715312526,0
59,21,1.1432258536808924,0
59,22,1.1714499906436942,0
59,23,1.1927451342990079,0
59,24,1.2161508002483679,0
59,25,1.2479504002831359,0
59,26,1.2861276996817441,0
59,27,1.3093925618777753,0
59,28,1.3444801479520603,0
59,29,1.3963101751103366,0
59,30,1.433064255822531,0
59,31,1.4702938612193766,0
59,32,1.4957468612156575,0
59,33,1.5001604633208157,0
59,34,1.4932594206642094,0
59,35,1.4992735998293174,0
59,36,1.5199877961060828,0
59,37,1.5438613822183473,0
59,38,1.551232912621554,0
59,39,1.540175205267536,1
59,40,1.5366671925731055,1
59,41,1.558463605439913,1
59,42,1.560629423656179,1
59,43,1.5604422436926288,1
59,44,1.572136800456006,1
59,45,1.589556576651617,1
59,46,1.6026517694243285,1
59,47,1.6138969964449235,1
59,48,1.6272501959727368,1
60,1,-0.8548231234902524,0
60,2,-0.9114521081596658,0
60,3,-0.8709197420701482,0
60,4,-0.861881332321512,0
60,5,-0.8399747393474177,0
60,6,-0.8270576883954233,0
60,7,-0.7596116131422352,0
60,8,-0.7521938966259594,0
60,9,-0.7801238708615816,0
60,10,-0.7560331295509473,0
60,11,-0.8292262249606601,0
60,12,-0.8059463059132845,0
60,13,-0.7948362249591225,0
60,14,-0.7826801017147913,0
60,15,-0.7732327138254629,0
60,16,-0.8075034053469956,0
60,17,-0.8055202880001948,0
60,18,-0.7629315182959537,0
60,19,-0.7219490286138264,0
60,20,-0.7226682402293836,0
60,21,-0.7088140900665785,0
60,22,-0.7098205594161042,0
60,23,-0.7114797524741654,0
60,24,-0.7320690803863634,0
60,25,-0.7489628035303211,0
60,26,-0.7448538519628727,0
60,27,-0.7171470719380997,0
60,28,-0.6987399595681145,0
60,29,-0.6775543355676863,0
60,30,-0.667733017883311,0
60,31,-0.6611385799793057,0
60,32,-0.6768887294255919,0
60,33,-0.7105051482623184,0
60,34,-0.7337409209491161,0
60,35,-0.7374731551489964,0
60,36,-0.7260996668738056,0
60,37,-0.7162104373854152,0
60,38,-0.7377403112797376,0
60,39,-0.7333378248963776,0
60,40,-0.7389762760176177,0
60,41,-0.757886206769367,0
60,42,-0.744077282001431,0
60,43,-0.7622294598900998,0
60,44,-0.7610423289190305,0
60,45,-0.742086776867553,0
60,46,-0.7167452995191095,0
60,47,-0.688196810677252,0
60,48,-0.6555451403411965,0
61,1,-1.0367992327194626,0
61,2,-1.0273753138498414,0
61,3,-1.034143520594431,0
61,4,-0.9957694519446134,0
61,5,-0.9552636035168076,0
61,6,-0.9355232433333613,0
61,7,-0.8656655421504187,0
61,8,-0.839648178259683,0
61,9,-0.7741102058956448,0
61,10,-0.6803420240482332,0
61,11,-0.6306857348128609,0
61,12,-0.5638339872973646,0
61,13,-0.5222500098723604,0
61,14,-0.4218171899303895,0
61,15,-0.3609195921464021,0
61,16,-0.31145278359192474,0
61,17,-0.22088034636202636,0
61,18,-0.13567725999702596,0
61,19,-0.06127957989122379,0
61,20,-0.0032828611227193605,0
61,21,-0.029654530364408238,0
61,22,0.01655356690964016,0
61,23,0.07107034736694295,0
61,24,0.16365206081285066,0
61,25,0.23581848054642762,0
61,26,0.2881637105971908,0
61,27,0.36835484616531033,0
61,28,0.4588115238680537,0
61,29,0.5455550516549232,0
61,30,0.5947463921635219,0
61,31,0.6651912373150672,0
61,32,0.7393389180564283,0
61,33,0.7806564270247573,0
61,34,0.8271606189610736,0
61,35,0.8922080735450173,0
61,36,0.9603968502077969,0
61,37,1.0135962500427755,0
61,38,1.053924763419726,0
61,39,0.99879033215257,0
61,40,1.0819485919833571,0
61,41,1.1475229266169986,0
61,42,1.179037256519445,0
61,43,1.2343164088639593,0
61,44,1.254125152398224,0
61,45,1.2903809954563332,0
61,46,1.3191683694591045,0
61,47,1.3584655373720054,0
61,48,1.4004302471595995,0
62,1,-1.070146907674788,0
62,2,-1.0002360639712746,0
62,3,-1.0196441235304876,0
62,4,-0.9699439755443748,0
62,5,-0.9612605775296208,0
62,6,-0.9616822433918033,0
62,7,-0.937455401518533,0
62,8,-0.8811788881376419,0
62,9,-0.8584368753462872,0
62,10,-0.7998548680575093,0
62,11,-0.746777544874746,0
62,12,-0.7599194172212549,0
62,13,-0.7502750445114739,0
62,14,-0.7371012775809271,0
62,15,-0.7201890419406185,0
62,16,-0.7077049512552644,0
62,17,-0.6920175812989005,0
62,18,-0.6736362480099523,0
62,19,-0.6188048233126304,0
62,20,-0.5838330455064078,0
62,21,-0.5474234036134726,0
62,22,-0.5151279999843039,0
62,23,-0.48506854563190416,0
62,24,-0.4580419495057573,0
62,25,-0.4284616583298355,0
62,26,-0.3991883720847804,0
62,27,-0.375964021899037,0
62,28,-0.3744001601740239,0
62,29,-0.3630738367210018,0
62,30,-0.3579292301076684,0
62,31,-0.3176387195786461,0
62,32,-0.28810480240041336,0
62,33,-0.26158805240757577,0
62,34,-0.21411227450349113,0
62,35,-0.1757408277696415,0
62,36,-0.13728226984528202,0
62,37,-0.11195031166596348,0
62,38,-0.06407968058786828,0
62,39,-0.029259829374569613,0
62,40,0.001563531280863728,0
62,41,0.04542769556158799,0
62,42,0.0279438683906994,0
62,43,0.05467025664989489,0
62,44,0.09643314807477932,0
62,45,0.13424975048036103,0
62,46,0.1786903194118361,0
62,47,0.23469850533065895,0
62,48,0.2841142724943877,0
63,1,-1.8775735694856195,0
63,2,-1.884880692785889,0
63,3,-1.7783705179923066,0
63,4,-1.7051442312370746,0
63,5,-1.6535741565678421,0
63,6,-1.6566198547727593,0
63,7,-1.6576040117915287,0
63,8,-1.5895303928676778,0
63,9,-1.6096791575606098,0
63,10,-1.6180672352179712,0
63,11,-1.6168266234792155,0
63,12,-1.7166862815503228,0
63,13,-1.586561840744424,0
63,14,-1.4088384860098087,0
63,15,-1.3782868109391355,0
63,16,-1.4700522713492363,0
63,17,-1.3622150005537312,0
63,18,-1.2472629391422805,0
63,19,-1.1180276804985434,0
63,20,-1.2371811258687346,0
63,21,-1.2824381553206976,0
63,22,-1.2955802742642026,0
63,23,-1.286715016658647,0
63,24,-1.3824597082756203,0
63,25,-1.3794057511257787,0
63,26,-1.3212214308978636,0
63,27,-1.3203857060323685,0
63,28,-1.2927753250001537,0
63,29,-1.2214742650315786,0
63,30,-1.1697496589465386,0
63,31,-1.1319644083700053,0
63,32,-1.1139395859119503,0
63,33,-1.0937689067191485,0
63,34,-1.0804648916567707,0
63,35,-1.069087306748873,0
63,36,-1.0452702199038475,0
63,37,-0.978678142187233,0
63,38,-0.923519694039264,0
63,39,-0.975278069284613,0
63,40,-0.9593745199944621,0
63,41,-0.92537348159511,0
63,42,-0.8982100613172213,0
63,43,-0.9010133186788156,0
63,44,-0.8693405064353881,0
63,45,-0.8570689868450474,0
63,46,-0.8414581292763694,0
63,47,-0.8128551368512307,0
63,48,-0.7809755373793736,0
64,1,0.7982824174398893,0
64,2,0.819695245074902,0
64,3,0.8198476111767743,0
64,4,0.8273502095153003,0
64,5,0.8905754844452431,0
64,6,0.895525793732558,0
64,7,0.8994501873119276,0
64,8,0.9032104397329075,0
64,9,0.9439785432136034,0
64,10,1.0259824365192376,0
64,11,1.0309077396372786,0
64,12,1.046769268589271,0
64,13,1.0935650340890586,0
64,14,1.1533992311571577,0
64,15,1.1809050458436783,0
64,16,1.1169399794915353,0
64,17,1.131910261607917,0
64,18,1.1393742627516534,0
64,19,1.1681086317228608,0
64,20,1.1836530702568453,0
64,21,1.1878137169372973,0
64,22,1.1814392097871291,0
64,23,1.1901879904418209,0
64,24,1.2145327098309728,0
64,25,1.2639965975813574,0
64,26,1.2846970020526314,0
64,27,1.3608167426852766,0
64,28,1.3879781132126645,0
64,29,1.449571411148673,0
64,30,1.5203049179723713,0
64,31,1.554922774143881,0
64,32,1.6147882569339043,0
64,33,1.6190587374710503,0
64,34,1.642155700967713,0
64,35,1.6618990491025833,0
64,36,1.6619974835113958,0
64,37,1.6616245471138935,0
64,38,1.6963452503144936,0
64,39,1.7341322712751541,1
64,40,1.7920625105581554,1
64,41,1.849386032341675,1
64,42,1.8625826586617897,1
64,43,1.8874455774193084,1
64,44,1.894263822876546,1
64,45,1.91573954842276,1
64,46,1.930900603201593,1
64,47,1.9593739782426187,1
64,48,2.0105627503708767,1
65,1,-1.0051675019768442,0
65,2,-0.8707750516350421,0
65,3,-0.7732117548154136,0
65,4,-0.6698225485466232,0
65,5,-0.6485108163084057,0
65,6,-0.6721113790381006,0
65,7,-0.7242043960121807,0
65,8,-0.7072334027103455,0
65,9,-0.6738324518752021,0
65,10,-0.6139756775015011,0
65,11,-0.5971391829958641,0
65,12,-0.5815070636630004,0
65,13,-0.5668234018539433,0
65,14,-0.5548432382380932,0
65,15,-0.5270594006400833,0
65,16,-0.48416348476997406,0
65,17,-0.4167499438611708,0
65,18,-0.3867550151010333,0
65,19,-0.3879044504980058,0
65,20,-0.36853318959340253,0
65,21,-0.3539527532413489,0
65,22,-0.3980521514601971,0
65,23,-0.3411518101263562,0
65,24,-0.36613396415470145,0
65,25,-0.3501110316801137,0
65,26,-0.31734184841179935,0
65,27,-0.26966459180080093,0
65,28,-0.30803981593833196,0
65,29,-0.24005885091286583,0
65,30,-0.2353960928425689,0
65,31,-0.2189435239433557,0
65,32,-0.17768650789439722,0
65,33,-0.22735890887303256,0
65,34,-0.25038287463384634,0
65,35,-0.18100630899856984,0
65,36,-0.2511682225361982,0
65,37,-0.16593396846913766,0
65,38,-0.196060082658839,0
65,39,-0.14425433810509958,1
65,40,-0.14989987572229513,1
65,41,-0.1464220514618173,1
65,42,-0.09471318491178327,1
65,43,-0.07671190617086321,1
65,44,-0.03450292640701047,1
65,45,-0.004392254278097418,1
65,46,0.0108526343771711,1
65,47,0.06427588274311713,1
65,48,0.07709893576873661,1
66,1,-0.6721494926230296,0
66,2,-0.6376956038985444,0
66,3,-0.6470667040758071,0
66,4,-0.7122437608311873,0
66,5,-0.6833865987562033,0
66,6,-0.7003893980447184,0
66,7,-0.6935840666297102,0
66,8,-0.617679842125594,0
66,9,-0.5907444706891152,0
66,10,-0.5818594032610918,0
66,11,-0.5654816211676295,0
66,12,-0.5533524142381907,0
66,13,-0.5873370159903981,0
66,14,-0.6293772706732428,0
66,15,-0.6426725099143953,0
66,16,-0.6559122705640421,0
66,17,-0.7060927572642894,0
66,18,-0.7104129374672787,0
66,19,-0.7569215161466945,0
66,20,-0.702214826978337,0
66,21,-0.719667886927355,0
66,22,-0.8201539007145549,0
66,23,-0.8600433184224432,0
66,24,-0.8775466064338584,0
66,25,-0.8874773501969306,0
66,26,-0.9017991955221829,0
66,27,-0.9092791962764304,0
66,28,-0.9231393294787908,0
66,29,-0.9187074239569784,0
66,30,-0.9090052633117534,0
66,31,-0.9073547799511816,0
66,32,-0.9869281429676189,0
66,33,-1.0019180362954785,0
66,34,-1.0096810407301442,0
66,35,-1.0358947448874858,0
66,36,-1.0475535429256464,0
66,37,-1.0559434498275388,0
66,38,-1.0519700257218112,0
66,39,-1.0462085146779776,0
66,40,-1.034042833857571,0
66,41,-1.021327356814976,0
66,42,-0.9983177147913418,0
66,43,-1.1380452882611607,0
66,44,-1.0848049099314867,0
66,45,-1.0667961550858873,0
66,46,-1.0537648001820612,0
66,47,-1.0370826856131234,0
66,48,-1.0104046159301854,0
67,1,0.17625565439694402,0
67,2,0.1728665102189515,0
67,3,0.17844920504076267,0
67,4,0.229407585952349,0
67,5,0.31120973079803704,0
67,6,0.33103892471115515,0
67,7,0.3560107242395718,0
67,8,0.37654025924654366,0
67,9,0.42333836966465377,0
67,10,0.4268920410691548,0
67,11,0.4538744963387744,0
67,12,0.4603716118376031,0
67,13,0.5013694669533137,0
67,14,0.542140731290365,0
67,15,0.5655902461903111,0
67,16,0.5873914787266257,0
67,17,0.597337362856865,0
67,18,0.6031785935352856,0
67,19,0.6490381191932677,0
67,20,0.7016165052909802,0
67,21,0.7490200403227698,0
67,22,0.8004632992303318,0
67,23,0.7755793775697324,0
67,24,0.7202700916432612,0
67,25,0.7322699823926051,0
67,26,0.7379240294032812,0
67,27,0.688707971983848,0
67,28,0.6876173643833781,0
67,29,0.6816592669232442,0
67,30,0.6999088413822641,0
67,31,0.7250254417172917,0
67,32,0.7431271502048427,0
67,33,0.7563320763779711,0
67,34,0.7691157604676828,0
67,35,0.793650737223695,0
67,36,0.7235462411171971,0
67,37,0.7641937242938646,0
67,38,0.8060822614185188,0
67,39,0.8352821240665254,0
67,40,0.845653975677644,0
67,41,0.8744712174765006,0
67,42,0.8599656763744967,0
67,43,0.8491586082746085,0
67,44,0.8509480766639488,0
67,45,0.8726167414588666,0
67,46,0.8802938430746821,0
67,47,0.9048562906673538,0
67,48,0.9107044482903728,0
68,1,-2.274845204119024,0
68,2,-2.306784384310175,0
68,3,-2.340408910913019,0
68,4,-2.3041849732826014,0
68,5,-2.4644650428828836,0
68,6,-2.4504704684323215,0
68,7,-2.437111868960476,0
68,8,-2.468630287816482,0
68,9,-2.433486871955232,0
68,10,-2.443480897360458,0
68,11,-2.3895163714970193,0
68,12,-2.3815582892247713,0
68,13,-2.3479213484229398,0
68,14,-2.3750509702707916,0
68,15,-2.4030110515917853,0
68,16,-2.3252692254609437,0
68,17,-2.232384576384714,0
68,18,-2.1951530421790935,0
68,19,-2.2223754943835248,0
68,20,-2.154339472462434,0
68,21,-2.2076351169970128,0
68,22,-2.189029107170878,0
68,23,-2.1557685423484294,0
68,24,-2.218224907088139,0
68,25,-2.229095160442153,0
68,26,-2.1753560938790217,0
68,27,-2.0625652663657643,0
68,28,-2.0945121308437944,0
68,29,-2.1041296163345677,0
68,30,-2.0564292721018482,0
68,31,-2.052000213078707,0
68,32,-1.9552324022394396,0
68,33,-1.9912210218838142,0
68,34,-1.9762463638781993,0
68,35,-1.940696140983892,0
68,36,-1.6963316348011812,0
68,37,-1.563062348524447,0
68,38,-1.493334877063175,0
68,39,-1.4620868479268045,0
68,40,-1.3801262202710287,0
68,41,-1.4043266110685169,0
68,42,-1.3136765076685455,0
68,43,-1.2747707877492562,0
68,44,-1.1982314001352492,0
68,45,-1.278474433866478,0
68,46,-1.2225555367094776,0
68,47,-1.150928551790435,0
68,48,-1.1118125201077778,0
69,1,-0.704628402245592,0
69,2,-0.7086592120568413,0
69,3,-0.7398237659605345,0
69,4,-0.7386777705380725,0
69,5,-0.7164451694664251,0
69,6,-0.6562937225677743,0
69,7,-0.5681178008791887,0
69,8,-0.5107659207985744,0
69,9,-0.42745806436634304,0
69,10,-0.37500035662239295,0
69,11,-0.27492579634988346,0
69,12,-0.2544723921548995,0
69,13,-0.20727948589197087,0
69,14,-0.1744529083000108,0
69,15,-0.09602238170766242,0
69,16,0.051564876568852114,0
69,17,0.18021120770575738,0
69,18,0.27244300638220587,0
69,19,0.3561525666884142,0
69,20,0.43406477668104504,0
69,21,0.4847168951000578,0
69,22,0.5048264677398384,0
69,23,0.5160055153959124,0
69,24,0.5027066642455802,0
69,25,0.5024844227725893,0
69,26,0.516120346692035,0
69,27,0.5406996523306562,0
69,28,0.567383009698303,0
69,29,0.6284080320633283,0
69,30,0.6876338008905885,0
69,31,0.7319726581127668,0
69,32,0.7759860330678201,0
69,33,0.8075107681435867,0
69,34,0.837338075995218,0
69,35,0.8764342989896949,0
69,36,0.9209186786275225,0
69,37,0.9446550194122931,0
69,38,0.9802389612560827,0
69,39,1.0149524355558857,1
69,40,1.0469453146713992,1
69,41,1.0960503307434113,1
69,42,1.09589433395983,1
69,43,1.1161424501050536,1
69,44,1.1333153793261843,1
69,45,1.133298398817768,1
69,46,1.1609022217994482,1
69,47,1.172503768081656,1
69,48,1.2018239482103876,1
70,1,-2.358915491545641,0
70,2,-2.361598538689379,0
70,3,-2.310642243876898,0
70,4,-2.311538903617161,0
70,5,-2.295455664859432,0
70,6,-2.3010512139290453,0
70,7,-2.3084752714581462,0
70,8,-2.236511886013462,0
70,9,-2.2187467859397207,0
70,10,-2.1817555687265786,0
70,11,-2.232282755110419,0
70,12,-2.1908818813383393,0
70,13,-2.170322543138809,0
70,14,-2.152440224780176,0
70,15,-2.1223237046454937,0
70,16,-2.1270959942732013,0
70,17,-2.1042097030908478,0
70,18,-2.129485643009632,0
70,19,-2.1441236653631375,0
70,20,-2.14128917453153,0
70,21,-2.1275184894794714,0
70,22,-2.1367967928347946,0
70,23,-2.1883933079176323,0
70,24,-2.3240009372628903,0
70,25,-2.3117962008087742,0
70,26,-2.3981690016174744,0
70,27,-2.3879219176845243,0
70,28,-2.3478404448065726,0
70,29,-2.309191154021099,0
70,30,-2.2598069997297427,0
70,31,-2.263469202326534,0
70,32,-2.244777652065287,0
70,33,-2.319267101304617,0
70,34,-2.2816625879321197,0
70,35,-2.2640459705140685,0
70,36,-2.2748989990629154,0
70,37,-2.100244117997871,0
70,38,-2.0366722298073308,0
70,39,-1.963909909104455,0
70,40,-1.9221844954398888,0
70,41,-1.9309835794519277,0
70,42,-1.8540256803577124,0
70,43,-1.8076039312938699,0
70,44,-1.7795540844219726,0
70,45,-1.7412698480876516,0
70,46,-1.6957542883578247,0
70,47,-1.6413525880536408,0
70,48,-1.6056863872852514,0
71,1,-1.169483974954189,0
71,2,-1.2452261314149844,0
71,3,-1.1792111348040608,0
71,4,-1.1639978172536587,0
71,5,-0.8118848831202223,0
71,6,-0.6919211141275294,0
71,7,-0.6938907100638749,0
71,8,-0.6384244953756122,0
71,9,-0.5299518676160737,0
71,10,-0.5623609451274376,0
71,11,-0.4885022502715701,0
71,12,-0.5073917659195422,0
71,13,-0.5305968415774984,0
71,14,-0.5620534601917235,0
71,15,-0.5177003203903414,0
71,16,-0.4607667364203385,0
71,17,-0.4306392855938981,0
71,18,-0.45809087259074754,0
71,19,-0.5477962720842848,0
71,20,-0.49155656805837555,0
71,21,-0.5099049744561608,0
71,22,-0.5012632773448908,0
71,23,-0.5925516567138773,0
71,24,-0.5960446735805913,0
71,25,-0.6382236428707309,0
71,26,-0.6341596458129635,0
71,27,-0.6100392873153133,0
71,28,-0.6140786771787363,0
71,29,-0.6269870087509526,0
71,30,-0.6193617380192231,0
71,31,-0.6509299701761817,0
71,32,-0.6497252699983909,0
71,33,-0.6539340736869699,0
71,34,-0.6065204958172146,0
71,35,-0.5901583132683488,0
71,36,-0.6347976132945874,0
71,37,-0.5752484234377508,0
71,38,-0.6357871377612581,0
71,39,-0.638757724158693,0
71,40,-0.6102416574035567,0
71,41,-0.6393151673676876,0
71,42,-0.6474918214338423,0
71,43,-0.6664590496995846,0
71,44,-0.6417779571136144,0
71,45,-0.6187617170253352,0
71,46,-0.5703667478552532,0
71,47,-0.4485566583384246,0
71,48,-0.44887723877942687,0
72,1,-0.40370696454903854,0
72,2,-0.3449827568139714,0
72,3,-0.33881780037918485,0
72,4,-0.2810344612958309,0
72,5,-0.2960033863956619,0
72,6,-0.320285249659249,0
72,7,-0.3645081347623531,0
72,8,-0.32294869854082453,0
72,9,-0.46114235213930765,0
72,10,-0.43766297075428273,0
72,11,-0.4515943328341443,0
72,12,-0.42803849865196586,0
72,13,-0.3756737675975268,0
72,14,-0.2939755320658195,0
72,15,-0.24168070426143906,0
72,16,-0.24432851133020783,0
72,17,-0.08963654483962191,0
72,18,-0.05036781248431854,0
72,19,-0.032731830969369824,0
72,20,-0.016771419692524603,0
72,21,-0.1179523991876934,0
72,22,-0.08021720419101364,0
72,23,-0.04439181165767714,0
72,24,-0.04942288418433005,0
72,25,-0.017564926024274286,0
72,26,0.03160086466133283,0
72,27,0.1037345905811069,0
72,28,0.1796471669225035,0
72,29,0.22911185725373073,0
72,30,0.2599534122239433,0
72,31,0.30991504826001837,0
72,32,0.33402532655271155,0
72,33,0.37340921277590144,0
72,34,0.40271108091299546,0
72,35,0.425854005387845,0
72,36,0.45135592752562115,0
72,37,0.48370603324003625,0
72,38,0.5223387718634704,0
72,39,0.5639309113274056,0
72,40,0.5782329991187654,0
72,41,0.6378431381012977,0
72,42,0.6593815197036035,0
72,43,0.6680085243667611,0
72,44,0.7108177137098268,0
72,45,0.7418987484199073,0
72,46,0.752380031581307,0
72,47,0.7882249564374071,0
72,48,0.8311811260806294,0
73,1,-2.1233689969469163,0
73,2,-2.0260809864785285,0
73,3,-2.125489489095954,0
73,4,-2.130750659926105,0
73,5,-2.144893664757789,0
73,6,-1.9600721502725502,0
73,7,-1.8437663840313858,0
73,8,-1.8819176023931536,0
73,9,-1.8669475199782637,0
73,10,-1.795499531812876,0
73,11,-1.675023253389809,0
73,12,-1.584360120564158,0
73,13,-1.525715192331207,0
73,14,-1.5300317070239045,0
73,15,-1.493516566075911,0
73,16,-1.4726619202370745,0
73,17,-1.447161526987152,0
73,18,-1.4376616058888763,0
73,19,-1.3967795545920074,0
73,20,-1.3948552516374244,0
73,21,-1.3438794802587921,0
73,22,-1.4624867403205668,0
73,23,-1.4710524147713446,0
73,24,-1.4589420211111284,0
73,25,-1.4557181662375953,0
73,26,-1.454619556190031,0
73,27,-1.4847294489420753,0
73,28,-1.546103981363805,0
73,29,-1.5708402161336457,0
73,30,-1.5807955066220583,0
73,31,-1.5727051915268042,0
73,32,-1.5273883974788651,0
73,33,-1.6046188597191025,0
73,34,-1.5206792888087097,0
73,35,-1.6280319056730743,0
73,36,-1.5648206263254858,0
73,37,-1.5039069805933414,0
73,38,-1.494917183537532,0
73,39,-1.510656343817577,0
73,40,-1.5265934915807877,0
73,41,-1.538332851176202,0
73,42,-1.603104415249728,0
73,43,-1.6036177931700566,0
73,44,-1.5792113494403077,0
73,45,-1.557593059982513,0
73,46,-1.5543244170457138,0
73,47,-1.540424246076844,0
73,48,-1.4886177814248427,0
74,1,-0.6004993297610497,0
74,2,-0.564413542311728,0
74,3,-0.5375481159366711,0
74,4,-0.5060472434882284,0
74,5,-0.4875961560044102,0
74,6,-0.44975253685582306,0
74,7,-0.41321789699881606,0
74,8,-0.4059346188635873,0
74,9,-0.36751197890558807,0
74,10,-0.3462975839447857,0
74,11,-0.31803026789669,0
74,12,-0.1639462704820458,0
74,13,-0.1080398777882019,0
74,14,-0.03452563242609763,0
74,15,0.012809306031467571,0
74,16,-0.0008858454355040735,0
74,17,0.07035801819198095,0
74,18,0.11182542067903789,0
74,19,0.14448641009350904,0
74,20,0.1984331136667068,0
74,21,0.2380496517025339,0
74,22,0.2743542942391075,0
74,23,0.30341312723701463,0
74,24,0.33421422984852,0
74,25,0.3762647025402819,0
74,26,0.3448522883171439,0
74,27,0.3303326039143588,0
74,28,0.3497348449045852,0
74,29,0.3955597498437591,0
74,30,0.4447879417445204,0
74,31,0.4936882206075621,0
74,32,0.5478850028906725,0
74,33,0.5979268171042289,0
74,34,0.6563378228515102,0
74,35,0.7096026888977125,0
74,36,0.7674365378274732,0
74,37,0.8263581122626533,0
74,38,0.8644657226740566,0
74,39,0.778886444984721,0
74,40,0.8086500984351179,0
74,41,0.8607241021640508,0
74,42,0.8466209410874708,0
74,43,0.8732804686490603,0
74,44,0.9038141939745952,0
74,45,0.9427194171490001,0
74,46,0.9704089899221575,0
74,47,1.000455524136994,0
74,48,1.036530660228367,0
75,1,-0.19867783606598177,0
75,2,-0.20716125828647147,0
75,3,-0.11867883378450372,0
75,4,-0.08520340902807799,0
75,5,-0.009309611551200803,0
75,6,0.00773959254984824,0
75,7,0.03849807053028531,0
75,8,0.02784073472890114,0
75,9,0.038684349846031196,0
75,10,0.07578995172444447,0
75,11,0.12855405769567874,0
75,12,0.14634470309905012,0
75,13,0.1367701594231896,0
75,14,0.143383179207893,0
75,15,0.17676833686381066,0
75,16,0.17278627442640548,0
75,17,0.1642213667455481,0
75,18,0.1450803947128172,0
75,19,0.1503684124273459,0
75,20,0.1637479058936382,0
75,21,0.1999755825678653,0
75,22,0.19034238596370567,0
75,23,0.16916016433977354,0
75,24,0.13415942628582656,0
75,25,0.10905309063473645,0
75,26,0.08522401088462406,0
75,27,0.09187228575781248,0
75,28,0.08509419634560178,0
75,29,0.05438166287847679,0
75,30,0.033692176065831525,0
75,31,0.017503329988842076,0
75,32,0.05378122033143651,0
75,33,0.08514652548491952,0
75,34,0.04635656240801822,0
75,35,0.035933242149841504,0
75,36,0.0430336077344613,0
75,37,0.04387169160382509,0
75,38,0.05316843130208415,0
75,39,0.05610831073280309,0
75,40,0.062221829537398854,0
75,41,0.07266096303075464,0
75,42,0.06742882805951655,0
75,43,0.0944971693403982,0
75,44,0.1190823349091783,0
75,45,0.2070474968073457,0
75,46,0.21851919361092875,0
75,47,0.2664118844260548,0
75,48,0.3006730476536612,0
76,1,-1.1540157087279699,0
76,2,-1.130372173364182,0
76,3,-1.071059498262203,0
76,4,-1.011736903277633,0
76,5,-1.0388652828690157,0
76,6,-1.0095718960908142,0
76,7,-1.0348576068136222,0
76,8,-1.0444302711239413,0
76,9,-1.053269982136026,0
76,10,-1.1243813393024729,0
76,11,-1.1056734552335223,0
76,12,-1.0825843067779894,0
76,13,-1.1506328650321223,0
76,14,-1.3314992316535275,0
76,15,-1.2841160454143763,0
76,16,-1.331756067343262,0
76,17,-1.3501128118471009,0
76,18,-1.3113813004518438,0
76,19,-1.2292809117068177,0
76,20,-1.1955184739450386,0
76,21,-1.2388735568872455,0
76,22,-1.2580452011612682,0
76,23,-1.2687840181921377,0
76,24,-1.3340969970377188,0
76,25,-1.5135912107938863,0
76,26,-1.4750748035209442,0
76,27,-1.5148638638723906,0
76,28,-1.5507474640043606,0
76,29,-1.5253948269643436,0
76,30,-1.55670787605463,0
76,31,-1.5892310757932657,0
76,32,-1.6131037823895849,0
76,33,-1.6390551151600636,0
76,34,-1.6596500922186541,0
76,35,-1.6663926915660552,0
76,36,-1.668616613448429,0
76,37,-1.6567119939017854,0
76,38,-1.6828927110077831,0
76,39,-1.612646067265711,0
76,40,-1.634984788991198,0
76,41,-1.687670419468235,0
76,42,-1.65712380828219,0
76,43,-1.644297526119991,0
76,44,-1.6466935930372957,0
76,45,-1.6843840850584444,0
76,46,-1.6550283258605862,0
76,47,-1.6389008629332809,0
76,48,-1.6441811797192711,0
77,1,-0.592344609439575,0
77,2,-0.6526762167184659,0
77,3,-0.645826534585531,0
77,4,-0.6002940625869169,0
77,5,-0.598056520484537,0
77,6,-0.6631891272674126,0
77,7,-0.7318774298302619,0
77,8,-0.9005028301999545,0
77,9,-0.9192496048103189,0
77,10,-0.8062301057861392,0
77,11,-0.6782204677979262,0
77,12,-0.5855876909206144,0
77,13,-0.5469875499892662,0
77,14,-0.5175765807111876,0
77,15,-0.45273727906597117,0
77,16,-0.46979652742695066,0
77,17,-0.4362469344039672,0
77,18,-0.39461381028066533,0
77,19,-0.44506300090595374,0
77,20,-0.493754912318523,0
77,21,-0.49935834737098617,0
77,22,-0.5298693356721831,0
77,23,-0.5664525049557163,0
77,24,-0.6455915839784154,0
77,25,-0.6784223600683799,0
77,26,-0.6095300281802363,0
77,27,-0.6157248137006102,0
77,28,-0.6437176982863688,0
77,29,-0.6042882350297472,0
77,30,-0.5681328820509428,0
77,31,-0.49920429141642675,0
77,32,-0.5205597974962952,0
77,33,-0.5199277707851753,0
77,34,-0.5280007999871863,0
77,35,-0.5424237346090379,0
77,36,-0.5454876828521904,0
77,37,-0.5323342903340054,0
77,38,-0.5292929130330197,0
77,39,-0.5268847646641106,0
77,40,-0.5439317876595009,0
77,41,-0.5213610740690324,0
77,42,-0.5061458089199151,0
77,43,-0.3643238903582331,0
77,44,-0.3035947462005604,0
77,45,-0.2411715544524542,0
77,46,-0.20979062620011746,0
77,47,-0.18243569831373474,0
77,48,-0.15193755872099501,0
78,1,-0.2813948944432818,0
78,2,-0.2508996812805435,0
78,3,-0.17134870944592961,0
78,4,-0.12945487954620116,0
78,5,-0.05329531981731073,0
78,6,0.014769260594346356,0
78,7,0.026682833488608892,0
78,8,0.049893181391062136,0
78,9,0.020729153137184042,0
78,10,0.05252085123740802,0
78,11,0.03405991960115795,0
78,12,0.04880482756073601,0
78,13,0.049315353246246474,0
78,14,0.06521656461323033,0
78,15,0.14003649266995932,0
78,16,0.132370775640279,0
78,17,0.14790328921301032,0
78,18,0.17346903126314928,0
78,19,0.08542512172095229,0
78,20,-0.19880175351707852,0
78,21,-0.1851544817172952,0
78,22,-0.16484169818796168,0
78,23,-0.19484270614556287,0
78,24,-0.17920429257506143,0
78,25,-0.2140441498156278,0
78,26,-0.2698318410021976,0
78,27,-0.2981729954474712,0
78,28,-0.3230289694890658,0
78,29,-0.4534443536530679,0
78,30,-0.4864578237952566,0
78,31,-0.5052570456200067,0
78,32,-0.5254068819649893,0
78,33,-0.5407414250871012,0
78,34,-0.5623828540780762,0
78,35,-0.5524649875785101,0
78,36,-0.5209399080404244,0
78,37,-0.485116207348117,0
78,38,-0.4675865959296326,0
78,39,-0.45135776402023176,0
78,40,-0.40779130838938116,0
78,41,-0.3869464687492705,0
78,42,-0.3746638528047379,0
78,43,-0.3799813335805098,0
78,44,-0.37019344671711707,0
78,45,-0.33756725855223735,0
78,46,-0.31320651987542014,0
78,47,-0.28995311905172994,0
78,48,-0.2592654443823106,0
79,1,0.8226817397346249,0
79,2,0.8363557457499606,0
79,3,0.8613956067386344,0
79,4,0.878318757614938,0
79,5,0.9428378493375416,0
79,6,0.9773457045179299,0
79,7,0.9901854921568489,0
79,8,1.0265228312307357,0
79,9,1.0764577907357271,0
79,10,1.1260570471057338,0
79,11,1.168531317951988,0
79,12,1.194740557129709,0
79,13,1.2148329552113655,0
79,14,1.2507238784501649,0
79,15,1.2710217161260644,0
79,16,1.2635620192630572,0
79,17,1.293569546237757,0
79,18,1.3084717876885676,0
79,19,1.32538358392949,0
79,20,1.3371108055038743,0
79,21,1.343576876821155,0
79,22,1.3324701714706269,0
79,23,1.3177245708320662,0
79,24,1.3308651316739013,0
79,25,1.3520609730412527,0
79,26,1.3690799989106974,0
79,27,1.3875101368756297,0
79,28,1.3986287459934879,0
79,29,1.4219135771285334,0
79,30,1.452985801254341,0
79,31,1.4820554330582603,0
79,32,1.4968047448516124,0
79,33,1.5054113327171947,0
79,34,1.510286479424888,0
79,35,1.5293168865943176,0
79,36,1.549780914599543,0
79,37,1.5741348550643544,0
79,38,1.6046370976591078,0
79,39,1.6370985731953738,1
79,40,1.6738363258456346,1
79,41,1.704012254570813,1
79,42,1.7168772412798887,1
79,43,1.7129108471429006,1
79,44,1.7105742340318226,1
79,45,1.7230434179702083,1
79,46,1.736928540662623,1
79,47,1.7623196517605848,1
79,48,1.789508219034003,1
80,1,1.15859954315518,0
80,2,1.2031837030922095,0
80,3,1.2198004737063055,0
80,4,1.2447387323506103,0
80,5,1.279570226119553,0
80,6,1.3164314377968918,0
80,7,1.3408819297991634,0
80,8,1.3847867272155199,0
80,9,1.3963023561182268,0
80,10,1.4264094274173722,0
80,11,1.4373256151530072,0
80,12,1.4774985199841009,0
80,13,1.5151489428741165,0
80,14,1.5467303855293544,0
80,15,1.5738713429852957,0
80,16,1.609905958717544,0
80,17,1.6535475325015874,0
80,18,1.6843833783230533,0
80,19,1.7132902130456404,0
80,20,1.7465218015045316,0
80,21,1.78141106191139,0
80,22,1.792118622120178,0
80,23,1.7914957130071887,0
80,24,1.8216841099812502,0
80,25,1.8684182109440712,0
80,26,1.9109513954010193,0
80,27,1.9410645241324218,0
80,28,1.952154368321418,0
80,29,1.9461840592315678,0
80,30,1.9508602939768576,0
80,31,1.9627814973730704,0
80,32,1.9839949105987689,0
80,33,2.009024167312381,0
80,34,2.0279499548942876,0
80,35,2.064681608007273,0
80,36,2.0940706748935654,0
80,37,2.130371324901894,0
80,38,2.168598643714832,0
80,39,2.1852573227117595,1
80,40,2.197046602458876,1
80,41,2.218872193637461,1
80,42,2.2318242035573537,1
80,43,2.239603448992467,1
80,44,2.242866575957187,1
80,45,2.27042176571166,1
80,46,2.2860213185496754,1
80,47,2.298595370780742,1
80,48,2.315026254214356,1
81,1,-1.4674626195082503,0
81,2,-1.4636413089928766,0
81,3,-1.4619982675470755,0
81,4,-1.4576431625048185,0
81,5,-1.409016678526446,0
81,6,-1.4360528430579018,0
81,7,-1.3964345577248096,0
81,8,-1.429916862395964,0
81,9,-1.4406732583703725,0
81,10,-1.4146863751834138,0
81,11,-1.4020540675436157,0
81,12,-1.4292689228951305,0
81,13,-1.4208290224392304,0
81,14,-1.442582263196397,0
81,15,-1.408805578182096,0
81,16,-1.414864322943834,0
81,17,-1.397052263196577,0
81,18,-1.3906710561870774,0
81,19,-1.3732024002792214,0
81,20,-1.3724943512718122,0
81,21,-1.411470743147187,0
81,22,-1.3633399699747812,0
81,23,-1.3516384286993741,0
81,24,-1.396716279552149,0
81,25,-1.3382793360360141,0
81,26,-1.3072200036751838,0
81,27,-1.2883901646400453,0
81,28,-1.2927315384173177,0
81,29,-1.248948577954792,0
81,30,-1.2328103485002568,0
81,31,-1.2153707528896298,0
81,32,-1.1853439827848895,0
81,33,-1.1742551980005338,0
81,34,-1.1654573652820064,0
81,35,-1.1212300511683688,0
81,36,-1.1136029878203688,0
81,37,-1.0895142883121611,0
81,38,-1.0648184829110274,0
81,39,-1.0577563057492227,0
81,40,-1.037211291595578,0
81,41,-1.0027682311643042,0
81,42,-0.9714283489535855,0
81,43,-0.984414035058979,0
81,44,-0.9648842177594776,0
81,45,-0.9383500018454258,0
81,46,-0.9204717145516002,0
81,47,-0.9023961402848704,0
81,48,-0.8829861718633234,0
82,1,0.9165018393779345,0
82,2,0.9382722322642465,0
82,3,0.9364273364463109,0
82,4,0.9707100234564159,0
82,5,0.9967160169728384,0
82,6,1.0377236777302485,0
82,7,1.074325819646834,0
82,8,1.0153419662797027,0
82,9,1.0029576746837083,0
82,10,1.0728382670852028,0
82,11,1.057247411740974,0
82,12,1.0730261637748608,0
82,13,1.097995530479622,0
82,14,1.144289685929694,0
82,15,1.1785990320834898,0
82,16,1.1527429181643516,0
82,17,1.1534731783917707,0
82,18,1.1158847405729748,0
82,19,1.1167949563646982,0
82,20,1.1333615358806757,0
82,21,1.1410784334872321,0
82,22,1.174558871684983,0
82,23,1.1760709075249114,0
82,24,1.197844090340519,0
82,25,1.2301742860493885,0
82,26,1.2371502671176433,0
82,27,1.2539797397119923,0
82,28,1.2116206933014144,0
82,29,1.222749154041006,0
82,30,1.220077632099379,0
82,31,1.216254266209301,0
82,32,1.190475282039774,0
82,33,1.1872537434462718,0
82,34,1.2259719964226914,0
82,35,1.255034086445674,0
82,36,1.2808228931763601,0
82,37,1.2989875423962989,0
82,38,1.3160671717562522,0
82,39,1.3179343183558299,1
82,40,1.3530342591664244,1
82,41,1.3631388294487419,1
82,42,1.383932469625707,1
82,43,1.4137017763514255,1
82,44,1.438698124790772,1
82,45,1.4536704130885827,1
82,46,1.4699206681870738,1
82,47,1.4810885166037906,1
82,48,1.5027427007385796,1
83,1,-1.1876319018164825,0
83,2,-1.16324002941798,0
83,3,-1.133447979478829,0
83,4,-1.0941673508765604,0
83,5,-1.0604613573634305,0
83,6,-1.009215105064654,0
83,7,-0.9695878029081673,0
83,8,-0.9578412087993362,0
83,9,-0.9350813520612125,0
83,10,-0.8953588453064185,0
83,11,-0.8281248902699936,0
83,12,-0.8380061579583931,0
83,13,-0.848829278642615,0
83,14,-0.8186600835450628,0
83,15,-0.7988440102207717,0
83,16,-0.7965973225898377,0
83,17,-0.7838190423426328,0
83,18,-0.7781171433493936,0
83,19,-0.7395339715794078,0
83,20,-0.726863825354326,0
83,21,-0.683991498239239,0
83,22,-0.6554649923584046,0
83,23,-0.6303251472523232,0
83,24,-0.6033716819730026,0
83,25,-0.5898806317840135,0
83,26,-0.555991026652424,0
83,27,-0.5382324597028605,0
83,28,-0.5124637665772083,0
83,29,-0.4768280930799431,0
83,30,-0.46150253220891013,0
83,31,-0.4492795205882496,0
83,32,-0.43121961958848765,0
83,33,-0.3913140128753918,0
83,34,-0.39858132175540817,0
83,35,-0.3891806241036875,0
83,36,-0.36962025786191344,0
83,37,-0.35080084112896515,0
83,38,-0.3631066038531534,0
83,39,-0.3623056743442854,0
83,40,-0.3518621273810689,0
83,41,-0.3358873904730091,0
83,42,-0.33786631733154504,0
83,43,-0.3290959890127514,0
83,44,-0.30679166043027895,0
83,45,-0.264252737099814,0
83,46,-0.21929868834411437,0
83,47,-0.18603888620114883,0
83,48,-0.16346205412278714,0
84,1,-0.4316030938686577,0
84,2,-0.3691114457980449,0
84,3,-0.32664019660722765,0
84,4,-0.2818775995151652,0
84,5,-0.26970129320678105,0
84,6,-0.22032902562863477,0
84,7,-0.18329063788195565,0
84,8,-0.13865420927055894,0
84,9,-0.10620238159296047,0
84,10,-0.06204147595594289,0
84,11,0.07866812437160675,0
84,12,0.13198899798344144,0
84,13,0.14623547862225372,0
84,14,0.16713138483021162,0
84,15,0.1642759289040674,0
84,16,0.15507643296680662,0
84,17,0.1467024282555096,0
84,18,0.13448917687956907,0
84,19,0.19220733521665068,0
84,20,0.2084816225907158,0
84,21,0.30749907566858425,0
84,22,0.3595448515431121,0
84,23,0.3717616379623099,0
84,24,0.339499235044304,0
84,25,0.3384148587326079,0
84,26,0.3613941858874803,0
84,27,0.37967745714846757,0
84,28,0.38649427392322266,0
84,29,0.2783104132461576,0
84,30,0.27346531330806023,0
84,31,0.3213424051722775,0
84,32,0.3795965494847966,0
84,33,0.42856453742300094,0
84,34,0.45597003295994476,0
84,35,0.4623541434726981,0
84,36,0.4597264542611761,0
84,37,0.46584893457394916,0
84,38,0.5014674978536107,0
84,39,0.5441222900379632,0
84,40,0.5595856514672768,0
84,41,0.5656047091368874,0
84,42,0.5540654184963536,0
84,43,0.5565464916888043,0
84,44,0.5753851937308356,0
84,45,0.6208031252805393,0
84,46,0.6637705305465396,0
84,47,0.7173349457892177,0
84,48,0.7984522849793585,0
85,1,-0.03954205833566604,0
85,2,-0.0034913226669637254,0
85,3,0.03984128123654518,0
85,4,0.04599878093768606,0
85,5,0.07549759365885578,0
85,6,0.09195045809848335,0
85,7,0.13610606611049914,0
85,8,0.14377221148630337,0
85,9,0.12320761185249562,0
85,10,0.1308298582071572,0
85,11,0.15520391935308275,0
85,12,0.17038913655230292,0
85,13,0.17685817613392363,0
85,14,0.2059911410650992,0
85,15,0.25943103296594927,0
85,16,0.27265391963432073,0
85,17,0.26237664069063094,0
85,18,0.242904723218067,0
85,19,0.19808000407022774,0
85,20,0.2099931898230185,0
85,21,0.2372941386174423,0
85,22,0.2620486634260173,0
85,23,0.2398965300649829,0
85,24,0.12740398716300128,0
85,25,0.13767439685472738,0
85,26,0.13544197006224756,0
85,27,0.19211990890905284,0
85,28,0.25136455317869455,0
85,29,0.14911083510699363,0
85,30,0.020081540569266032,0
85,31,-0.04085813648001846,0
85,32,-0.039802896860315684,0
85,33,-0.06136643087640703,0
85,34,-0.034708179178481124,0
85,35,0.04745032129815918,0
85,36,0.09287255003503248,0
85,37,0.10214971479143298,0
85,38,0.14182318369807234,0
85,39,0.1259713174977346,0
85,40,0.12647108405982266,0
85,41,0.13730027784203802,0
85,42,0.13129835178858418,0
85,43,0.16520596287550404,0
85,44,0.18900995689522038,0
85,45,0.21936387423924497,0
85,46,0.260379010796953,0
85,47,0.3112558779494572,0
85,48,0.3698803076256372,0
86,1,-0.5478117263999192,0
86,2,-0.5270552558319013,0
86,3,-0.5124676295351538,0
86,4,-0.4828965789693749,0
86,5,-0.47924119863224846,0
86,6,-0.46110752548832856,0
86,7,-0.45084506688687664,0
86,8,-0.43322798406098784,0
86,9,-0.41731846770977565,0
86,10,-0.4029100672523347,0
86,11,-0.3971925212817178,0
86,12,-0.3769152752134248,0
86,13,-0.35643381627062354,0
86,14,-0.3085418900402823,0
86,15,-0.30299732983427496,0
86,16,-0.2810488713928372,0
86,17,-0.23339660967896947,0
86,18,-0.2107344693701627,0
86,19,-0.19139166697208765,0
86,20,-0.16826477249460314,0
86,21,-0.14907968148030637,0
86,22,-0.14383835280373436,0
86,23,-0.13696048344871148,0
86,24,-0.14432957307376704,0
86,25,-0.2313562217797811,0
86,26,-0.3180973003818055,0
86,27,-0.31244236348544074,0
86,28,-0.2993566794795699,0
86,29,-0.26651654317092177,0
86,30,-0.2376427559466947,0
86,31,-0.23386096199008577,0
86,32,-0.2597248124282201,0
86,33,-0.2774271568380007,0
86,34,-0.279929034281718,0
86,35,-0.2635586575696811,0
86,36,-0.24454917159156686,0
86,37,-0.21588080840113744,0
86,38,-0.19215535909078163,0
86,39,-0.21561300512723136,0
86,40,-0.20835887155337662,0
86,41,-0.19006324060892243,0
86,42,-0.18391469543886618,0
86,43,-0.17139228790782912,0
86,44,-0.14773642334688564,0
86,45,-0.10964854110866895,0
86,46,-0.08604958519912476,0
86,47,-0.05784668603980059,0
86,48,-0.017974498010638662,0
87,1,-0.004373804949246107,0
87,2,0.05291695697146448,0
87,3,0.10024836183376262,0
87,4,0.1417372225500939,0
87,5,0.18045336192565298,0
87,6,0.23741595018356154,0
87,7,0.2659798403448139,0
87,8,0.32425665954169247,0
87,9,0.42539913928955375,0
87,10,0.45088488350685463,0
87,11,0.5153781857609525,0
87,12,0.5647950276850411,0
87,13,0.6212232374279854,0
87,14,0.6994136693043425,0
87,15,0.6966233776070219,0
87,16,0.6469527695639821,0
87,17,0.691354462292316,0
87,18,0.7257423801449132,0
87,19,0.7383774751425323,0
87,20,0.7751381400685755,0
87,21,0.8051235754778379,0
87,22,0.8126214700643253,0
87,23,0.8261322013546089,0
87,24,0.8219009680258456,0
87,25,0.8043204109979705,0
87,26,0.8269453579144521,0
87,27,0.86134029225407,0
87,28,0.9144883162098552,0
87,29,0.9765857196722951,0
87,30,1.0298760217973904,0
87,31,1.0621273654684789,0
87,32,1.0963956375742896,0
87,33,1.1025435983591247,0
87,34,1.0813291588344978,0
87,35,1.0853707355648403,0
87,36,1.1168612929095794,0
87,37,1.142292645488098,0
87,38,1.1754528751742335,0
87,39,1.2116607932921628,1
87,40,1.2405073254095509,1
87,41,1.2683715979170174,1
87,42,1.2810031560855855,1
87,43,1.283870596030555,1
87,44,1.2724615369873238,1
87,45,1.2842917644832212,1
87,46,1.287736527087608,1
87,47,1.297999197685499,1
87,48,1.316348742623127,1
88,1,-0.6070900944401529,0
88,2,-0.5734360929283966,0
88,3,-0.6163102026816194,0
88,4,-0.608609649263923,0
88,5,-0.6104741353948038,0
88,6,-0.5704440131364361,0
88,7,-0.5956118565574107,0
88,8,-0.546285242436193,0
88,9,-0.557198222502123,0
88,10,-0.542289544290826,0
88,11,-0.5101799277144075,0
88,12,-0.4840718708765879,0
88,13,-0.44957723501849856,0
88,14,-0.4086226410900773,0
88,15,-0.3600465850728751,0
88,16,-0.3220645413490235,0
88,17,-0.2841120666246555,0
88,18,-0.21811862463161713,0
88,19,-0.14946082367954538,0
88,20,-0.08133837760684859,0
88,21,-0.01318332987780746,0
88,22,0.03351559333765941,0
88,23,0.0009944388961464767,0
88,24,-0.04911924891486397,0
88,25,-0.04803799620920035,0
88,26,-0.0394629570114029,0
88,27,-0.0633628502038075,0
88,28,-0.051342572998215985,0
88,29,-0.022687625020795466,0
88,30,0.0020017903637050694,0
88,31,0.005411469944994529,0
88,32,0.00430913328101834,0
88,33,-0.0017019220117520106,0
88,34,0.011997794924898386,0
88,35,0.017634322726959972,0
88,36,0.042631810618073196,0
88,37,0.02690685255174685,0
88,38,0.03294267564904185,0
88,39,0.019656545043396534,0
88,40,-0.010687858396307703,0
88,41,-0.056169922907987946,0
88,42,-0.05542156277176513,0
88,43,0.04682784626947001,0
88,44,0.06741499163435716,0
88,45,0.08666079585570152,0
88,46,0.09100271257527837,0
88,47,0.1179720475737529,0
88,48,0.15061021143255093,0
89,1,-0.731335430508322,0
89,2,-0.6184236362214097,0
89,3,-0.5629998173713737,0
89,4,-0.47776082674473397,0
89,5,-0.44719494898430057,0
89,6,-0.3757410069198093,0
89,7,-0.3318210867476914,0
89,8,-0.23308335173157424,0
89,9,-0.19642243348586508,0
89,10,-0.15256530496479748,0
89,11,-0.09311259542308559,0
89,12,0.00031412406922370906,0
89,13,0.07618016369931713,0
89,14,0.15071733563989653,0
89,15,0.240030218035308,0
89,16,0.31443821006901107,0
89,17,0.3950376002259244,0
89,18,0.45526606959045957,0
89,19,0.5070735344820774,0
89,20,0.5521469258560687,0
89,21,0.581470249918401,0
89,22,0.5776650550784943,0
89,23,0.6064772013462116,0
89,24,0.6527665144214652,0
89,25,0.6985547302079933,0
89,26,0.6944209885625536,0
89,27,0.7101880634073039,0
89,28,0.7133244043934495,0
89,29,0.7055495320108038,0
89,30,0.6529967239029162,0
89,31,0.6036842514345651,0
89,32,0.48832191430479366,0
89,33,0.4139012869339984,0
89,34,0.4309311064477557,0
89,35,0.4685165850421331,0
89,36,0.5321521947285888,0
89,37,0.5700787113041743,0
89,38,0.5348387311063263,0
89,39,0.523592106420427,0
89,40,0.5266069048037911,0
89,41,0.5526238028140353,0
89,42,0.6039843633385731,0
89,43,0.6515588939306145,0
89,44,0.7017415655384811,0
89,45,0.7747587678932124,0
89,46,0.8154782182048876,0
89,47,0.8881622972828787,0
89,48,0.9523959646649036,0
90,1,-1.5324056563995674,0
90,2,-1.568502321853896,0
90,3,-1.5221730083273952,0
90,4,-1.6294752075147718,0
90,5,-1.7461217230644497,0
90,6,-1.7345187638574933,0
90,7,-1.7544039178918727,0
90,8,-1.6827862600646348,0
90,9,-1.6848306785966178,0
90,10,-1.6112986640503113,0
90,11,-1.5938281882108702,0
90,12,-1.6088813717042454,0
90,13,-1.631417350439885,0
90,14,-1.6276735597805798,0
90,15,-1.6460738354424995,0
90,16,-1.6900537401943438,0
90,17,-1.5666018386090172,0
90,18,-1.5513959680905263,0
90,19,-1.500291859032294,0
90,20,-1.453112936892449,0
90,21,-1.4096472422754358,0
90,22,-1.3931377014987394,0
90,23,-1.4052058456351801,0
90,24,-1.3841041447095295,0
90,25,-1.4510219270776474,0
90,26,-1.4481423166980605,0
90,27,-1.449680589576717,0
90,28,-1.4901509164659554,0
90,29,-1.5263364662615801,0
90,30,-1.521372540729435,0
90,31,-1.544145841053954,0
90,32,-1.5537899348054065,0
90,33,-1.456664718389069,0
90,34,-1.480580907379526,0
90,35,-2.004581531187884,0
90,36,-1.7500515549222087,0
90,37,-1.659325633424837,0
90,38,-1.6007412630326252,0
90,39,-1.593272117041045,0
90,40,-1.6018169970192364,0
90,41,-1.5809109091516156,0
90,42,-1.5434121876754103,0
90,43,-1.4597373399014044,0
90,44,-1.4554450458467283,0
90,45,-1.4081530275928804,0
90,46,-1.3489830818432207,0
90,47,-1.2945140893931448,0
90,48,-1.2543750111769079,0
91,1,-0.5162210865489216,0
91,2,-0.5190257069980122,0
91,3,-0.5302107017717246,0
91,4,-0.5628649205780398,0
91,5,-0.562538766867811,0
91,6,-0.5646039766308171,0
91,7,-0.5574197775843466,0
91,8,-0.5971603840834154,0
91,9,-0.570838424692103,0
91,10,-0.6561608610641176,0
91,11,-0.6178624857424637,0
91,12,-0.6444331726822083,0
91,13,-0.6180836210475196,0
91,14,-0.6921018904812408,0
91,15,-0.6819884470225483,0
91,16,-0.6438799692025503,0
91,17,-0.5935254066932361,0
91,18,-0.6370867076569908,0
91,19,-0.7116073949380892,0
91,20,-0.6548618383034697,0
91,21,-0.7051396307863822,0
91,22,-0.7386324848533103,0
91,23,-0.6428704081271928,0
91,24,-0.650015616943171,0
91,25,-0.7101503074814426,0
91,26,-0.7046705737032148,0
91,27,-0.6929144721912293,0
91,28,-0.6856877716960135,0
91,29,-0.6698857023179645,0
91,30,-0.7075703732375942,0
91,31,-0.7010032035531655,0
91,32,-0.7300616021768205,0
91,33,-0.7371917786651467,0
91,34,-0.7811689282075056,0
91,35,-0.7814280757952368,0
91,36,-0.765408082864881,0
91,37,-0.7441548513303395,0
91,38,-0.7388652773299231,0
91,39,-0.7106536128488994,0
91,40,-0.6418834287509085,0
91,41,-0.6729226621383617,0
91,42,-0.6562621504449453,0
91,43,-0.6723022189095404,0
91,44,-0.6398104012442243,0
91,45,-0.6138424304422072,0
91,46,-0.5901568499259016,0
91,47,-0.5922406802261806,0
91,48,-0.5744063618948685,0
92,1,-0.1757707852883703,0
92,2,-0.13923370477599128,0
92,3,-0.10580544962931171,0
92,4,-0.04725904522293067,0
92,5,-0.10188780147000287,0
92,6,-0.06153802077697179,0
92,7,0.0036908045490777752,0
92,8,0.08226871969398086,0
92,9,0.17489863652072035,0
92,10,0.26952671165964937,0
92,11,0.36473164755082,0
92,12,0.44526700380087103,0
92,13,0.5365456846677921,0
92,14,0.6102802427776925,0
92,15,0.649065805002973,0
92,16,0.6745128468375636,0
92,17,0.7241691675298103,0
92,18,0.7754460371458567,0
92,19,0.8362159188140161,0
92,20,0.9009321559700165,0
92,21,0.9676932860009089,0
92,22,1.0363983064767677,0
92,23,1.0754109663963973,0
92,24,1.1237536297514197,0
92,25,1.1742893389636269,0
92,26,1.1490735669675978,0
92,27,1.142296273741156,0
92,28,1.2114910090736473,0
92,29,1.2833658899954479,0
92,30,1.3467312836230132,0
92,31,1.4068143290133968,0
92,32,1.438297182154054,0
92,33,1.4711060177898965,0
92,34,1.5375841297388888,0
92,35,1.6002751324501876,0
92,36,1.6345738897199933,0
92,37,1.6748737462645682,0
92,38,1.7226131915633438,0
92,39,1.6848498066227968,0
92,40,1.7152856014905176,0
92,41,1.7663042676506784,0
92,42,1.7359662853217976,0
92,43,1.7474807804844676,0
92,44,1.7603034358050778,0
92,45,1.8135545661671681,0
92,46,1.85140189792115,0
92,47,1.9005693485745052,0
92,48,1.9523005122218446,0
93,1,-0.3943528377466148,0
93,2,-0.4080817316758729,0
93,3,-0.3487842891128672,0
93,4,-0.33938328070472146,0
93,5,-0.2882808118222977,0
93,6,-0.2661871139100356,0
93,7,-0.23043680909808195,0
93,8,-0.22261345693873302,0
93,9,-0.23496656851723596,0
93,10,-0.23419561165743197,0
93,11,-0.22884400421954876,0
93,12,-0.21084769947491377,0
93,13,-0.18710848295221094,0
93,14,-0.1662658940190056,0
93,15,-0.1340477756392211,0
93,16,-0.10759733152899909,0
93,17,-0.09357135450281451,0
93,18,-0.06193373199210406,0
93,19,-0.026143171743624904,0
93,20,-0.05659428062866567,0
93,21,-0.14794312144178168,0
93,22,-0.23431890525407972,0
93,23,-0.29554401672390984,0
93,24,-0.30095582184993575,0
93,25,-0.29325611499578663,0
93,26,-0.2880259599477899,0
93,27,-0.2937614304716325,0
93,28,-0.2822748982987786,0
93,29,-0.2795875017589209,0
93,30,-0.2817319256962989,0
93,31,-0.2647041536366226,0
93,32,-0.2465061098496264,0
93,33,-0.19679228075420419,0
93,34,-0.14828390119026036,0
93,35,-0.10962781179720071,0
93,36,-0.06736993260642699,0
93,37,-0.062201182952161815,0
93,38,-0.035407577160939674,0
93,39,-0.011855364955090764,0
93,40,0.009971297822288783,0
93,41,0.021803304172746785,0
93,42,0.030595997182398804,0
93,43,0.04520941614698337,0
93,44,0.05995695130715095,0
93,45,0.07129453966260435,0
93,46,0.09684752983659362,0
93,47,0.12535256855014154,0
93,48,0.15336208294956322,0
94,1,0.8340998085355587,0
94,2,0.8760148193389075,0
94,3,0.9065087937228888,0
94,4,0.9448896291154405,0
94,5,0.9946190096180043,0
94,6,1.017581275934047,0
94,7,1.0262509573365914,0
94,8,1.0522038767612685,0
94,9,1.0709945905933917,0
94,10,1.1102319727360825,0
94,11,1.1521582072815555,0
94,12,1.1558161225992976,0
94,13,1.1716418992468505,0
94,14,1.2018936930514208,0
94,15,1.2261160383758085,0
94,16,1.244954951846104,0
94,17,1.2511660267090292,0
94,18,1.2347962246252866,0
94,19,1.2467054311839654,0
94,20,1.2761658765938915,0
94,21,1.2887156925031267,0
94,22,1.2916129515015147,0
94,23,1.3016734484056798,0
94,24,1.3172362172863945,0
94,25,1.351340610320614,0
94,26,1.367616664434852,0
94,27,1.3872468264973215,0
94,28,1.4114315807950018,0
94,29,1.4283622942863037,0
94,30,1.4455387925633474,0
94,31,1.4466277100173013,0
94,32,1.4312515916509962,0
94,33,1.4154322486442084,0
94,34,1.3920362752003133,0
94,35,1.4208581496995816,0
94,36,1.450425718110461,0
94,37,1.4609626829826485,0
94,38,1.4842380530134793,0
94,39,1.5190536715192469,0
94,40,1.555829441651639,0
94,41,1.5940942108550349,0
94,42,1.6057204523218847,0
94,43,1.620865481026632,0
94,44,1.6376243396475,0
94,45,1.6695096192461385,0
94,46,1.6884340128137048,0
94,47,1.721781347164404,0
94,48,1.7438428478962464,0
95,1,-0.16303406914720853,0
95,2,-0.1537005943043912,0
95,3,-0.09587841442440581,0
95,4,0.03269553844523099,0
95,5,0.034893323151357514,0
95,6,-0.19602601772422634,0
95,7,-0.23294703112655402,0
95,8,-0.03997199605601587,0
95,9,0.08410465407858769,0
95,10,-0.0012611195426277533,0
95,11,0.09713114488692831,0
95,12,0.1998137281632868,0
95,13,0.2293762468887408,0
95,14,0.28011159854665113,0
95,15,0.2691092096236458,0
95,16,0.27408674271251776,0
95,17,0.3806364496613055,0
95,18,0.4305364206379769,0
95,19,0.48251581327761706,0
95,20,0.5833216810478143,0
95,21,0.5420527860312792,0
95,22,0.4714618938353876,0
95,23,0.4478772563600124,0
95,24,0.4242355665830555,0
95,25,0.48249372594990536,0
95,26,0.5604901775629036,0
95,27,0.5688514098211961,0
95,28,0.6048583895791815,0
95,29,0.648871135358883,0
95,30,0.7295465823968845,0
95,31,0.78439533903701,0
95,32,0.7968114304900489,0
95,33,0.8413640386356249,0
95,34,0.8758425218214931,0
95,35,0.8534834344797257,0
95,36,0.8348142704111208,0
95,37,0.8398846661209429,0
95,38,0.9497877286758296,0
95,39,1.0316760682378554,0
95,40,1.038693306627124,0
95,41,1.0261435954878682,0
95,42,0.9925324111079199,0
95,43,0.9865758684940271,0
95,44,0.9145503783276023,0
95,45,0.882047906569241,0
95,46,0.9426772372789021,0
95,47,1.0097891993111379,0
95,48,1.0874866840726387,0
96,1,-0.8646874661979398,0
96,2,-0.878636247866134,0
96,3,-0.6401973009704811,0
96,4,-0.7488390459545009,0
96,5,-0.6511814008781096,0
96,6,-0.6762058212891606,0
96,7,-0.7735507996722495,0
96,8,-0.7482080812284053,0
96,9,-0.7422497668497465,0
96,10,-0.618639899900165,0
96,11,-0.7477357013908268,0
96,12,-0.6967960711859025,0
96,13,-0.537453405541152,0
96,14,-0.6416936220561018,0
96,15,-0.4884131669616041,0
96,16,-0.36682762383297796,0
96,17,-0.30763866933970796,0
96,18,-0.3467223532367063,0
96,19,-0.3045601542883487,0
96,20,-0.30323883188858414,0
96,21,-0.23714652599681596,0
96,22,-0.19045887409639928,0
96,23,-0.20294389842228178,0
96,24,-0.22107715654065174,0
96,25,-0.28562455991325475,0
96,26,-0.26422495666297774,0
96,27,-0.33465967072352143,0
96,28,-0.3456113337707034,0
96,29,-0.26678769380571765,0
96,30,-0.44964555211242896,0
96,31,-0.436982108141752,0
96,32,-0.39751767536590865,0
96,33,-0.31512078121458664,0
96,34,-0.2963268007190667,0
96,35,-0.2612488138328608,0
96,36,-0.22759811155833365,0
96,37,-0.17234595504613903,0
96,38,-0.15480901944620928,0
96,39,-0.12274202514436183,0
96,40,-0.17530242052277956,0
96,41,-0.19014814047788864,0
96,42,-0.17685883269106917,0
96,43,-0.12908490457033572,0
96,44,-0.14011290688381006,0
96,45,-0.10258824970078706,0
96,46,-0.07455414464724974,0
96,47,-0.06116987751925951,0
96,48,-0.046043585794446784,0
97,1,-1.213152427060253,0
97,2,-1.211415279832373,0
97,3,-1.1360691868112829,0
97,4,-1.2016142209618534,0
97,5,-1.213271714344736,0
97,6,-1.1998675650449728,0
97,7,-1.23137542191101,0
97,8,-1.2431187694939627,0
97,9,-1.2529344627001322,0
97,10,-1.234415108456739,0
97,11,-1.191579798171185,0
97,12,-1.1947749044489262,0
97,13,-1.2744192001435923,0
97,14,-1.336457049755409,0
97,15,-1.2479900101018906,0
97,16,-1.132356342736971,0
97,17,-1.1624192089708325,0
97,18,-1.2442593171495435,0
97,19,-1.2642507958208293,0
97,20,-1.484010460093491,0
97,21,-1.5538194750582637,0
97,22,-1.6683225931292842,0
97,23,-1.643172934362493,0
97,24,-1.540682928086638,0
97,25,-1.5204094867134907,0
97,26,-1.4795399161406149,0
97,27,-1.4556394468730725,0
97,28,-1.4514780747887528,0
97,29,-1.4164654927730034,0
97,30,-1.428471321145353,0
97,31,-1.4287017787871932,0
97,32,-1.4241890353615023,0
97,33,-1.4318663932427134,0
97,34,-1.4737277346938882,0
97,35,-1.4543033613719434,0
97,36,-1.4705761930090553,0
97,37,-1.4811962101838088,0
97,38,-1.463780712777183,0
97,39,-1.4368078088337803,0
97,40,-1.4711835201587,0
97,41,-1.5063673326718794,0
97,42,-1.4462593460219857,0
97,43,-1.4097209660779049,0
97,44,-1.329442729928136,0
97,45,-1.1164047301646276,0
97,46,-1.0826435740980465,0
97,47,-1.1255444561202497,0
97,48,-1.0159831433946618,0
98,1,-1.302887422476032,0
98,2,-1.2385318065808768,0
98,3,-1.2283565952323974,0
98,4,-1.197002520385145,0
98,5,-1.1119437534171723,0
98,6,-1.0189510049799901,0
98,7,-0.9641226878623632,0
98,8,-0.941485242810491,0
98,9,-0.9233350368257751,0
98,10,-0.8615318260648541,0
98,11,-0.895269241535007,0
98,12,-0.8643595603016747,0
98,13,-0.8591053865099889,0
98,14,-0.9156274148921142,0
98,15,-0.8998111858963576,0
98,16,-0.9240887315185029,0
98,17,-0.9467484416881495,0
98,18,-0.9194552821989639,0
98,19,-0.8576947829639243,0
98,20,-0.8301146268677071,0
98,21,-0.8937081258116049,0
98,22,-0.975356647102144,0
98,23,-1.0375232344403038,0
98,24,-1.1136844729382007,0
98,25,-1.0966867154032531,0
98,26,-1.0956586890213336,0
98,27,-1.096903290795514,0
98,28,-1.1452342633112131,0
98,29,-1.0897226193035054,0
98,30,-1.0800811359352025,0
98,31,-1.0544740007973257,0
98,32,-1.0735216271818322,0
98,33,-1.1211614995387587,0
98,34,-1.2906154779195012,0
98,35,-1.200894108377323,0
98,36,-1.1677311366992233,0
98,37,-1.129648613316549,0
98,38,-1.123868749927932,0
98,39,-1.1698549907164457,0
98,40,-1.1740609992994466,0
98,41,-1.2071127545554123,0
98,42,-1.223843265535396,0
98,43,-1.2149185385781962,0
98,44,-1.1822661493484112,0
98,45,-1.2126474780242145,0
98,46,-1.275262024146107,0
98,47,-1.275826605205788,0
98,48,-1.308519834369764,0
99,1,-1.2916600082768595,0
99,2,-1.2743421012288945,0
99,3,-1.234879150172108,0
99,4,-1.1930450283396539,0
99,5,-1.1647747911405126,0
99,6,-1.1264823355182356,0
99,7,-1.0546305460672194,0
99,8,-1.016272576931465,0
99,9,-0.9745206435134923,0
99,10,-0.9287980372980122,0
99,11,-0.6810152538981091,0
99,12,-0.6645210797709211,0
99,13,-0.6548841265235108,0
99,14,-0.5991008705198064,0
99,15,-0.5858477932681501,0
99,16,-0.5676492185447675,0
99,17,-0.5128063041728002,0
99,18,-0.45301429103098645,0
99,19,-0.3882346466713029,0
99,20,-0.3627549384676829,0
99,21,-0.3408497499759857,0
99,22,-0.30924959020849485,0
99,23,-0.2813683050974607,0
99,24,-0.2511421578211195,0
99,25,-0.21934541337163882,0
99,26,-0.19631479304052046,0
99,27,-0.16624661193859058,0
99,28,-0.10486784756246426,0
99,29,-0.014393817685999899,0
99,30,0.06913299409047546,0
99,31,0.14635518121879443,0
99,32,0.20449655179076665,0
99,33,0.2705734736609111,0
99,34,0.33317715795061353,0
99,35,0.39029938334393854,0
99,36,0.44769753236308407,0
99,37,0.4847435709403829,0
99,38,0.4512932562439316,0
99,39,0.3742687301476506,0
99,40,0.4022983026737075,0
99,41,0.4302727350668496,0
99,42,0.45101278993537885,0
99,43,0.49430577961524946,0
99,44,0.5465042631145218,0
99,45,0.5920904628454018,0
99,46,0.621196378185477,0
99,47,0.6569383651020653,0
99,48,0.6968007013255653,0
100,1,0.3836995818207747,0
100,2,0.48319264719399246,0
100,3,0.47723421439030567,0
100,4,0.4804998599795356,0
100,5,0.5320671871207132,0
100,6,0.5313904811558832,0
100,7,0.5724033529930468,0
100,8,0.5830778303894695,0
100,9,0.6230210786115107,0
100,10,0.6462959800802315,0
100,11,0.682471212478915,0
100,12,0.6819503636030246,0
100,13,0.7184696979809546,0
100,14,0.7203019103128145,0
100,15,0.7394812113394353,0
100,16,0.7395506000194603,0
100,17,0.780369635660696,0
100,18,0.8421923678810295,0
100,19,0.9111732710753166,0
100,20,0.9291707958430457,0
100,21,0.9996611753251141,0
100,22,1.02415611003795,0
100,23,1.0419279726347437,0
100,24,0.9367376833280137,0
100,25,0.8743196881034088,0
100,26,0.8278036095703065,0
100,27,0.7902905550849262,0
100,28,0.743023600845393,0
100,29,0.7025415784341495,0
100,30,0.6894864324295984,0
100,31,0.696336770370996,0
100,32,0.7131523611891764,0
100,33,0.6939705818741899,0
100,34,0.676974704986069,0
100,35,0.7024794422496159,0
100,36,0.7320326575402927,0
100,37,0.787139466870439,0
100,38,0.8480468901087423,0
100,39,0.9128811720036687,0
100,40,0.9760917796697761,0
100,41,1.0302110587215711,0
100,42,1.0617544479381138,0
100,43,1.122466849370669,0
100,44,1.2320613593934553,0
100,45,1.2922892224828981,0
100,46,1.338895542472514,0
100,47,1.4417011205378643,0
100,48,1.4746178536814476,0
101,1,-0.8018501287862243,0
101,2,-0.791798522906797,0
101,3,-0.7921143970159044,0
101,4,-0.7216563123738453,0
101,5,-0.7078631964525037,0
101,6,-0.6945492251585348,0
101,7,-0.6889727259578429,0
101,8,-0.709945464949497,0
101,9,-0.6597128343748224,0
101,10,-0.6416021730894279,0
101,11,-0.4354720793136799,0
101,12,-0.37376410726871345,0
101,13,-0.2545827579990503,0
101,14,-0.2786201425950505,0
101,15,-0.23207246223772326,0
101,16,-0.1928519648718563,0
101,17,-0.14783776105203916,0
101,18,-0.13884201018692544,0
101,19,-0.10587360074953178,0
101,20,-0.0729692524721921,0
101,21,-0.034584113200719635,0
101,22,-0.012373215642560886,0
101,23,-0.04042798727863772,0
101,24,-0.026113117922982987,0
101,25,-0.0028446074209655947,0
101,26,0.020949836800725485,0
101,27,-0.017439610525591398,0
101,28,0.002699725992804325,0
101,29,-0.0031515146016181106,0
101,30,0.006532400030703656,0
101,31,0.045322983574799025,0
101,32,0.058878671967690366,0
101,33,0.10384844986344355,0
101,34,0.1044737930895252,0
101,35,0.11456389586842963,0
101,36,0.119447902589493,0
101,37,0.16462769764340202,0
101,38,0.1976813842848122,0
101,39,0.2282170481857495,0
101,40,0.26825428257441963,0
101,41,0.2953958285561411,0
101,42,0.3278271476890158,0
101,43,0.3352899962161944,0
101,44,0.3737602121903052,0
101,45,0.41596366545754826,0
101,46,0.4419064787159801,0
101,47,0.48048446566627057,0
101,48,0.523219861403291,0
102,1,-0.017799444894588845,0
102,2,-0.02737282613074843,0
102,3,0.0005811040241150423,0
102,4,0.05636713182491526,0
102,5,0.07095049598967851,0
102,6,0.0734297383537097,0
102,7,0.1509009180641776,0
102,8,0.16492486586369726,0
102,9,0.20052299074132396,0
102,10,0.22529736460169225,0
102,11,0.24788159036233726,0
102,12,0.2733877475362636,0
102,13,0.31355485372693614,0
102,14,0.3204609265051275,0
102,15,0.34637922354300343,0
102,16,0.38507435780716204,0
102,17,0.4495892298958397,0
102,18,0.45875765782836364,0
102,19,0.45245505060427504,0
102,20,0.42826287718931155,0
102,21,0.3883619786772421,0
102,22,0.4091353377898095,0
102,23,0.4194338624786269,0
102,24,0.44132902014877917,0
102,25,0.47764867736656313,0
102,26,0.49498265103314143,0
102,27,0.5352350576257461,0
102,28,0.5954090499080369,0
102,29,0.5975224019570504,0
102,30,0.5845773321817491,0
102,31,0.644527654988388,0
102,32,0.6380601711659262,0
102,33,0.6731984736891024,0
102,34,0.7248188813494014,0
102,35,0.6641016750400617,0
102,36,0.7092329807488333,0
102,37,0.7529042076581245,0
102,38,0.8007238170977065,0
102,39,0.813130944759191,0
102,40,0.7710115023949022,0
102,41,0.8123993128793909,0
102,42,0.7480051122750471,0
102,43,0.7881258421122475,0
102,44,0.8220043783784039,0
102,45,0.8879236166954421,0
102,46,0.9494403579847681,0
102,47,0.9967190168699709,0
102,48,1.0279245215684583,0
103,1,-0.8050588044190121,0
103,2,-0.7815965354705909,0
103,3,-0.7436282783159882,0
103,4,-0.6916543660145011,0
103,5,-0.6258007623938466,0
103,6,-0.5646372267362461,0
103,7,-0.5182567727621459,0
103,8,-0.45652299443846456,0
103,9,-0.4052278176643487,0
103,10,-0.36696619972865197,0
103,11,-0.3122715926801076,0
103,12,-0.2322411786380485,0
103,13,-0.1452858872311218,0
103,14,-0.06669292540836746,0
103,15,-0.06625178890173622,0
103,16,-0.03708281431352489,0
103,17,0.05233947411333517,0
103,18,0.12264898148127745,0
103,19,0.2137655115259216,0
103,20,0.2625469099442528,0
103,21,0.3061764475673865,0
103,22,0.34355178992639956,0
103,23,0.36799585544784374,0
103,24,0.42737594684294944,0
103,25,0.49566186730842965,0
103,26,0.5236625259863805,0
103,27,0.6059178459017449,0
103,28,0.6978206251259058,0
103,29,0.753314754638386,0
103,30,0.8148866471954257,0
103,31,0.8518337340855808,0
103,32,0.9102118360026346,0
103,33,0.9691509902523592,0
103,34,1.0167217140019869,0
103,35,1.07009409538718,0
103,36,1.1159746671221722,0
103,37,1.1596171132072293,0
103,38,1.2020839370385126,0
103,39,1.2290306457799787,0
103,40,1.2771013035645176,0
103,41,1.3229089287245603,0
103,42,1.306295046870643,0
103,43,1.3474224521570033,0
103,44,1.3777294448130455,0
103,45,1.4277131905110814,0
103,46,1.4690843532847175,0
103,47,1.5117264143531095,0
103,48,1.5614713633194555,0
104,1,-1.3778695767076767,0
104,2,-1.4426375353666696,0
104,3,-1.3885331957848335,0
104,4,-1.3926530751016246,0
104,5,-1.2630370246193925,0
104,6,-1.25797707032598,0
104,7,-1.215405685505421,0
104,8,-1.1944096360721552,0
104,9,-1.1499339050400579,0
104,10,-1.1713245729530817,0
104,11,-1.167356853451465,0
104,12,-1.1596890010211967,0
104,13,-1.1320475418319464,0
104,14,-1.1340245040246186,0
104,15,-1.1404491094403593,0
104,16,-1.1190184597534794,0
104,17,-1.0934814102074695,0
104,18,-1.1164791519556108,0
104,19,-1.1325673301643375,0
104,20,-1.1310021221784892,0
104,21,-1.1324335056835917,0
104,22,-1.163066590702976,0
104,23,-1.184533867591921,0
104,24,-1.2312101214758098,0
104,25,-1.2294080125942761,0
104,26,-1.2175795290148326,0
104,27,-1.2274154097866896,0
104,28,-1.2121990583409543,0
104,29,-1.2041150559852953,0
104,30,-1.1971729569273304,0
104,31,-1.1644108760239629,0
104,32,-1.1456004107976874,0
104,33,-1.1449669719234832,0
104,34,-1.1389375174248526,0
104,35,-1.1409347985198135,0
104,36,-1.1368471225523447,0
104,37,-1.1257577436228559,0
104,38,-1.12592701629253,0
104,39,-1.1110196906645502,0
104,40,-1.0926461413726205,0
104,41,-1.0741222317309793,0
104,42,-1.0478026566669234,0
104,43,-1.0126219222858408,0
104,44,-0.9804887960404383,0
104,45,-0.9415801314097978,0
104,46,-0.9068317458455244,0
104,47,-0.8934225952201302,0
104,48,-0.8519106231631,0
105,1,-1.4347435977382155,0
105,2,-1.4553567845189708,0
105,3,-1.4321916406380693,0
105,4,-1.3696979981491237,0
105,5,-1.3319591222504945,0
105,6,-1.3334614091433252,0
105,7,-1.3008101701340866,0
105,8,-1.269422900889153,0
105,9,-1.2741150949911093,0
105,10,-1.222371899031991,0
105,11,-1.2398962268741647,0
105,12,-1.2412445988413987,0
105,13,-1.264165025208837,0
105,14,-1.2864839498002416,0
105,15,-1.3089666289009543,0
105,16,-1.343435255121002,0
105,17,-1.367430134138706,0
105,18,-1.3807970232903504,0
105,19,-1.4403495795531098,0
105,20,-1.5781940398024128,0
105,21,-1.6326359953559457,0
105,22,-1.6259061566631585,0
105,23,-1.5879026983369222,0
105,24,-1.5617191203985135,0
105,25,-1.6281063905648159,0
105,26,-1.658399032194314,0
105,27,-1.6744111041841547,0
105,28,-1.651703003826218,0
105,29,-1.6182220896776753,0
105,30,-1.5917099770356034,0
105,31,-1.5702869052039699,0
105,32,-1.5536982397570096,0
105,33,-1.543689277194801,0
105,34,-1.5138847072814627,0
105,35,-1.4546232079692958,0
105,36,-1.4057462427416594,0
105,37,-1.3811726897549983,0
105,38,-1.3620361840119202,0
105,39,-1.3129880334310338,0
105,40,-1.2856291309664032,0
105,41,-1.2744022880792407,0
105,42,-1.2317081811651045,0
105,43,-1.2030092800624468,0
105,44,-1.1818420726035574,0
105,45,-1.163651119859411,0
105,46,-1.1125742442137723,0
105,47,-1.0843758401177963,0
105,48,-1.0481619103716504,0
106,1,0.26662971837448435,0
106,2,0.2698531247177973,0
106,3,0.2548087647984625,0
106,4,0.2309728226136052,0
106,5,0.2424441094107017,0
106,6,0.2261556905355686,0
106,7,0.2501786809093174,0
106,8,0.21828059289987944,0
106,9,0.21911590123340385,0
106,10,0.26733879365043123,0
106,11,0.2922939132332747,0
106,12,0.29076793760849995,0
106,13,0.2766308423967896,0
106,14,0.2795088683639726,0
106,15,0.30499825203630593,0
106,16,0.3512023050479902,0
106,17,0.38078968600937824,0
106,18,0.3859905660633496,0
106,19,0.4236603011692459,0
106,20,0.4682524109512771,0
106,21,0.5116245407831483,0
106,22,0.5219308162430005,0
106,23,0.43330650644923985,0
106,24,0.3770223645786803,0
106,25,0.36234683567882264,0
106,26,0.3692838754605514,0
106,27,0.43546797928618197,0
106,28,0.49456063758725755,0
106,29,0.4892168488832116,0
106,30,0.49453928895911226,0
106,31,0.4965124733786155,0
106,32,0.516942032334164,0
106,33,0.5842554702259308,0
106,34,0.5997278462654583,0
106,35,0.6528277734823202,0
106,36,0.6344302088694791,0
106,37,0.6739960601527129,0
106,38,0.708621607981863,0
106,39,0.7404447002822323,1
106,40,0.7195539514935438,1
106,41,0.7000982714400461,1
106,42,0.6655756364393177,1
106,43,0.5975844238740962,1
106,44,0.6048851776367554,1
106,45,0.6464293819331237,1
106,46,0.7066820018812905,1
106,47,0.7391607154299384,1
106,48,0.7903655245506602,1
107,1,0.9851407001719785,0
107,2,0.9924252835858152,0
107,3,1.0294973003763115,0
107,4,1.0532867459581645,0
107,5,1.088834256075133,0
107,6,1.1313704427624938,0
107,7,1.175450448543927,0
107,8,1.1890850765719776,0
107,9,1.2210598642681525,0
107,10,1.2388862796597593,0
107,11,1.2307650541148831,0
107,12,1.250573923863831,0
107,13,1.2862693327760404,0
107,14,1.3250177699054966,0
107,15,1.3128509322611333,0
107,16,1.3034435431567655,0
107,17,1.339889258964611,0
107,18,1.3700821767896798,0
107,19,1.4075039077431146,0
107,20,1.425774199772217,0
107,21,1.4156352916006725,0
107,22,1.4288121757835022,0
107,23,1.405545450159023,0
107,24,1.4353962722677611,0
107,25,1.4863656933412894,0
107,26,1.5128821830208032,0
107,27,1.5336476673299053,0
107,28,1.5543617424821878,0
107,29,1.5808631009573446,0
107,30,1.6032245699275958,0
107,31,1.6108667704800688,0
107,32,1.6018336300970262,0
107,33,1.622853546378762,0
107,34,1.6373826698401999,0
107,35,1.6618962389549665,0
107,36,1.6749147503210633,0
107,37,1.6962065166926585,0
107,38,1.7224913954688112,0
107,39,1.7489556062902576,1
107,40,1.7779994166190107,1
107,41,1.8027081329895118,1
107,42,1.8025470060943665,1
107,43,1.8092820898574526,1
107,44,1.825700417019279,1
107,45,1.8498566234963931,1
107,46,1.8715281090785716,1
107,47,1.8875831866239636,1
107,48,1.8954527416727114,1
108,1,0.6713150969765449,0
108,2,0.6757410047025054,0
108,3,0.7226815193996954,0
108,4,0.7458786707340677,0
108,5,0.8192182507423187,0
108,6,0.8293482873526283,0
108,7,0.7931405656824815,0
108,8,0.8004593943990752,0
108,9,0.8486289997737622,0
108,10,0.8641066808731974,0
108,11,0.9297559380829927,0
108,12,0.930166909110719,0
108,13,0.932921830410665,0
108,14,0.9603508476112275,0
108,15,0.9864818354886502,0
108,16,1.0126567233502044,0
108,17,1.0599915731796674,0
108,18,1.091312741231075,0
108,19,1.0857219632792656,0
108,20,1.0736809911101446,0
108,21,1.0338042741230637,0
108,22,1.008610299356505,0
108,23,0.9919641123311056,0
108,24,0.921072107830172,0
108,25,0.8875366569692016,0
108,26,0.8672055997123191,0
108,27,0.8984816504487103,0
108,28,0.9064127453517994,0
108,29,0.9326744076545044,0
108,30,0.8362231772306963,0
108,31,0.8687039561677743,0
108,32,0.9272423243155323,0
108,33,0.9576929237368166,0
108,34,0.9414011483030258,0
108,35,0.9032125346680466,0
108,36,0.9181299893349788,0
108,37,0.8991141153257356,0
108,38,0.9342191425596766,0
108,39,0.9201082507091431,0
108,40,0.8519610870480108,0
108,41,0.8665061068331052,0
108,42,0.8789487962255222,0
108,43,0.7853946867958861,0
108,44,0.7022452772641978,0
108,45,0.8289688750519986,0
108,46,0.8972255806927549,0
108,47,0.9623752266529326,0
108,48,1.0192040363520931,0
109,1,0.24590107489931867,0
109,2,0.25456422147444346,0
109,3,0.28388818920054426,0
109,4,0.3206891187084002,0
109,5,0.3632806193390854,0
109,6,0.3898721013757722,0
109,7,0.4050721991102808,0
109,8,0.4392592025554318,0
109,9,0.4524704290515942,0
109,10,0.46794900430934927,0
109,11,0.4896787598762682,0
109,12,0.5015792661640512,0
109,13,0.4918653335176755,0
109,14,0.5060856269129914,0
109,15,0.532978639872411,0
109,16,0.5245725206577481,0
109,17,0.5213658882588152,0
109,18,0.49914044982368466,0
109,19,0.50303503289223,0
109,20,0.5132475220632848,0
109,21,0.5459554143103427,0
109,22,0.5683689026216383,0
109,23,0.5434064796787235,0
109,24,0.5062006432882686,0
109,25,0.5272949060593222,0
109,26,0.49713653131998115,0
109,27,0.4785011790577576,0
109,28,0.4781359639446192,0
109,29,0.49528429980471156,0
109,30,0.49737137703292245,0
109,31,0.47609401942092777,0
109,32,0.44800849629594364,0
109,33,0.40981738315450666,0
109,34,0.40026105227192676,0
109,35,0.4080884742574682,0
109,36,0.4163576743816364,0
109,37,0.4358216069451819,0
109,38,0.4430668103214188,0
109,39,0.4337232098264492,0
109,40,0.44042417972938264,0
109,41,0.4622997080396667,0
109,42,0.47302694439026105,0
109,43,0.4918158431817856,0
109,44,0.505226828576788,0
109,45,0.5322406911473738,0
109,46,0.5656278493351712,0
109,47,0.6022412966582458,0
109,48,0.6373742994451312,0
110,1,-0.5875162712824702,0
110,2,-0.6007189968409143,0
110,3,-0.6182131610048458,0
110,4,-0.6154915973394521,0
110,5,-0.5590142315966169,0
110,6,-0.482659805313709,0
110,7,-0.3947937415436309,0
110,8,-0.28682932168680164,0
110,9,-0.2773985667513381,0
110,10,-0.38246406350303186,0
110,11,-0.3798206185519648,0
110,12,-0.3904401377615896,0
110,13,-0.34030773439089046,0
110,14,-0.3832183542095082,0
110,15,-0.3845400649827795,0
110,16,-0.4192528762203809,0
110,17,-0.4253747056099755,0
110,18,-0.48099437105302734,0
110,19,-0.5171784897608065,0
110,20,-0.579818702641238,0
110,21,-0.5761764668716483,0
110,22,-0.6119755444877697,0
110,23,-0.620098080573797,0
110,24,-0.6240136939395544,0
110,25,-0.656569841606955,0
110,26,-0.6833945992876282,0
110,27,-0.6870441251673354,0
110,28,-0.6890795091694146,0
110,29,-0.6969463363800434,0
110,30,-0.7123125787150055,0
110,31,-0.7287393102091722,0
110,32,-0.7674025143618692,0
110,33,-0.8035824034595036,0
110,34,-0.7695124835418943,0
110,35,-0.867314353298104,0
110,36,-0.8657640690883737,0
110,37,-0.8383191596596147,0
110,38,-0.8308518776575768,0
110,39,-0.8584826193090285,0
110,40,-0.8443460198969985,0
110,41,-0.8357798946313135,0
110,42,-0.8152418587291015,0
110,43,-0.8008562592541022,0
110,44,-0.7668181923184454,0
110,45,-0.7320928688737478,0
110,46,-0.695926300884933,0
110,47,-0.6546700841647946,0
110,48,-0.6100574245067945,0
111,1,-1.3138909759875226,0
111,2,-1.2906138865006493,0
111,3,-1.3002467617915832,0
111,4,-1.3121800209657577,0
111,5,-1.3109535121433114,0
111,6,-1.2783481662722496,0
111,7,-1.307077635059799,0
111,8,-1.3328356885304222,0
111,9,-1.4687983383879342,0
111,10,-1.2515601828251217,0
111,11,-1.1059730956251972,0
111,12,-1.063173161652398,0
111,13,-1.0233546847576838,0
111,14,-1.0269841360436205,0
111,15,-1.034131847098517,0
111,16,-1.05365119656551,0
111,17,-1.0865076933076043,0
111,18,-1.1663064786561428,0
111,19,-1.2103547085453341,0
111,20,-1.2059485053450674,0
111,21,-1.150258312666379,0
111,22,-1.0817271237547574,0
111,23,-1.0920297498588694,0
111,24,-1.1115312419030694,0
111,25,-1.1601626580678364,0
111,26,-1.1349777535239527,0
111,27,-1.1475606634923032,0
111,28,-1.1675098624209461,0
111,29,-1.1338856029812678,0
111,30,-1.1168061823773439,0
111,31,-1.0834633825681212,0
111,32,-1.0594030371899938,0
111,33,-1.1399936464123588,0
111,34,-1.139795502908198,0
111,35,-1.108436025397899,0
111,36,-1.1223487075357417,0
111,37,-1.0586703415234968,0
111,38,-1.060652196763649,0
111,39,-1.0696024527549204,1
111,40,-1.1125275780293684,1
111,41,-1.1952934944972267,1
111,42,-1.2067919654185477,1
111,43,-1.2675023706041264,1
111,44,-1.3418040456598677,1
111,45,-1.382602283905392,1
111,46,-1.4282125609809153,1
111,47,-1.4712372496863857,1
111,48,-1.5123366364891764,1
